Metrics/EpRet,Metrics/EpCost,Metrics/EpLen,Train/Epoch,Train/Entropy,Train/KL,Train/StopIter,Train/PolicyRatio,Train/PolicyRatio/Min,Train/PolicyRatio/Max,Train/PolicyRatio/Std,Train/LR,Train/PolicyStd,TotalEnvSteps,Loss/Loss_pi,Loss/Loss_pi/Delta,Value/Adv,Loss/Loss_reward_critic,Loss/Loss_reward_critic/Delta,Value/reward,Loss/Loss_cost_critic,Loss/Loss_cost_critic/Delta,Value/cost,Time/Total,Time/Rollout,Time/Update,Time/Epoch,Time/FPS,Misc/Alpha,Misc/FinalStepNorm,Misc/gradient_norm,Misc/xHx,Misc/H_inv_g,Misc/AcceptanceStep,Misc/cost_gradient_norm,Misc/A,Misc/B,Misc/q,Misc/r,Misc/s,Misc/Lambda_star,Misc/Nu_star,Misc/OptimCase
34.32638931274414,468.29998779296875,480.0,0.0,1.4301689863204956,0.0002623306354507804,10.0,1.0006822347640991,1.0006822347640991,1.0006822347640991,0.0004823847266379744,0.0,1.0114623308181763,4800.0,-0.005663032177835703,-0.005663032177835703,2.2351741790771484e-08,2.394761800765991,2.394761800765991,-0.005570294801145792,141.64476013183594,141.64476013183594,-0.04935075715184212,3.9348526000976562,2.9946649074554443,0.9400079250335693,3.934682846069336,1219.9205322265625,1.2470591068267822,0.6138365268707275,0.10153796523809433,0.012860431335866451,0.3089297115802765,1.0,0.17784102261066437,0.012565775774419308,-3500779.5,0.012860431335866451,0.0038376294542104006,0.049981679767370224,0.0,0.6325713396072388,0.0
30.091999053955078,468.6000061035156,480.0,1.0,1.4281011819839478,0.00026854488532990217,10.0,0.9976924061775208,0.9976924061775208,0.9976924061775208,0.0016316731926053762,0.0,1.0096794366836548,9600.0,-0.0043014041148126125,0.0013616280630230904,-4.0928522793137745e-08,1.283303141593933,-1.111458659172058,1.3988902568817139,107.4883041381836,-34.156455993652344,10.167156219482422,7.846802711486816,2.9721295833587646,0.9317641258239746,3.9039037227630615,1229.5386962890625,1.961803913116455,0.8939089775085449,0.05783480778336525,0.005196584388613701,0.2823929190635681,1.0,0.10645455121994019,0.005099510308355093,-4905158.5,0.005196584388613701,0.0018621894996613264,0.03572278097271919,0.0,0.7482423186302185,0.0
34.04436111450195,470.8999938964844,480.0,2.0,1.4211854934692383,0.0003454411344137043,10.0,0.9995336532592773,0.9995336532592773,0.9995336532592773,0.00032972884946502745,0.0,1.0034503936767578,14400.0,-0.007258296012878418,-0.0029568918980658054,7.450580596923828e-09,1.5427168607711792,0.2594137191772461,2.437150239944458,92.10735321044922,-15.380950927734375,18.875083923339844,11.751829147338867,2.9628098011016846,0.9337356090545654,3.8965556621551514,1231.8572998046875,2.0772111415863037,0.7065525054931641,0.049166589975357056,0.004635192453861237,0.29391586780548096,1.0,0.11447589844465256,0.004631133750081062,-5302407.0,0.004635192453861237,0.0003682406386360526,0.03341062739491463,0.0,0.7736999988555908,0.0
32.81418228149414,471.6499938964844,480.0,3.0,1.4008044004440308,0.00030065656756050885,10.0,0.9971979260444641,0.9971979260444641,0.9971979260444641,0.001981351524591446,0.0,0.9850671291351318,19200.0,-0.004489357583224773,0.0027689384296536446,9.43740197101306e-09,1.0677932500839233,-0.47492361068725586,2.8091681003570557,71.40958404541016,-20.697769165039062,26.602710723876953,15.630199432373047,2.970104217529297,0.8999578952789307,3.8700709342956543,1240.2874755859375,1.0738790035247803,0.7729794383049011,0.10159242898225784,0.017342794686555862,0.5225481986999512,1.0,0.0857941061258316,0.0173390693962574,-7160041.0,0.017342794686555862,-0.00030410592444241047,0.02483067661523819,0.0,0.8974714279174805,0.0
35.76494216918945,472.3800048828125,480.0,4.0,1.3780931234359741,0.0003001130244228989,10.0,0.9961773753166199,0.9961773753166199,0.9961773753166199,0.0027030459605157375,0.0,0.9624710083007812,24000.0,-0.002498629968613386,0.0019907276146113873,-1.1995434867628774e-08,1.5637600421905518,0.4959667921066284,6.0034918785095215,54.30055618286133,-17.109027862548828,34.29122543334961,19.557003021240234,3.020747184753418,0.8978989124298096,3.9186551570892334,1224.91015625,1.722483515739441,0.5761834383010864,0.06410350650548935,0.006740920711308718,0.4794978201389313,1.0,0.09930925071239471,0.005969164427369833,-11832248.0,0.006740920711308718,0.003411221085116267,0.01507784053683281,0.0,1.151715636253357,0.0
40.36583709716797,472.73333740234375,480.0,5.0,1.3942513465881348,0.00035983932320959866,10.0,1.0000667572021484,1.0000667572021484,1.0000667572021484,4.714833994512446e-05,0.0,0.9768818020820618,28800.0,-0.006303430534899235,-0.0038048005662858486,-4.440546064188311e-08,2.3377628326416016,0.7740027904510498,8.1453218460083,38.72354507446289,-15.577011108398438,41.77775192260742,23.474002838134766,3.0086493492126465,0.9002630710601807,3.908921480178833,1227.96044921875,1.4167733192443848,0.5378673672676086,0.05767764896154404,0.009963886812329292,0.4838181436061859,1.0,0.09517344832420349,0.009479695931077003,-8044151.0,0.009963886812329292,-0.0032797055318951607,0.02221531979739666,0.0,0.9488304257392883,0.0
42.18374252319336,473.0142822265625,480.0,6.0,1.3961524963378906,0.00036167839425615966,10.0,0.9971409440040588,0.9971409440040588,0.9971409440040588,0.0020216437987983227,0.0,0.978681743144989,33600.0,-0.0036978237330913544,0.0026056068018078804,4.221995641984222e-09,2.2632930278778076,-0.07446980476379395,8.38328742980957,26.345563888549805,-12.377981185913086,49.203369140625,27.43048095703125,3.04396390914917,0.904287576675415,3.948260545730591,1215.725341796875,1.1384435892105103,0.6415461897850037,0.06978627294301987,0.015431448817253113,0.6082918643951416,1.0,0.058162860572338104,0.01491636224091053,-16721191.0,0.015431448817253113,-0.002347801811993122,0.010701444931328297,0.0,1.3670789003372192,0.0
44.78276824951172,473.0375061035156,480.0,7.0,1.3914645910263062,0.0002894971112255007,10.0,0.999006450176239,0.999006450176239,0.999006450176239,0.0007025317754596472,0.0,0.9742777347564697,38400.0,-0.007718047127127647,-0.004020223394036293,9.934107758624577e-09,2.7806360721588135,0.5173430442810059,9.643847465515137,17.042076110839844,-9.303487777709961,56.1294059753418,31.34096908569336,2.985011577606201,0.9174904823303223,3.9025113582611084,1229.977294921875,0.7781561017036438,0.7484323382377625,0.117802694439888,0.03302907198667526,0.9155208468437195,1.0,0.10637034475803375,0.031883932650089264,-5372140.5,0.03302907198667526,-0.006176388822495937,0.033312730491161346,0.0,0.774836003780365,0.0
47.47449493408203,473.1666564941406,480.0,8.0,1.386182188987732,0.00032018369529396296,10.0,0.999588668346405,0.999588668346405,0.999588668346405,0.0002908413589466363,0.0,0.9688079953193665,43200.0,-0.004981108009815216,0.0027369391173124313,-8.841355203514922e-09,2.663553237915039,-0.11708283424377441,11.142087936401367,11.028146743774414,-6.01392936706543,62.5615348815918,35.272804260253906,3.00068736076355,0.9228496551513672,3.923548460006714,1223.382568359375,1.4184589385986328,0.5896351933479309,0.09183873236179352,0.009940220043063164,0.5442484021186829,1.0,0.07454615086317062,0.009675804525613785,-11970597.0,0.009940220043063164,-0.0019888263195753098,0.014959145337343216,0.0,1.1562758684158325,0.0
49.21381378173828,473.2900085449219,480.0,9.0,1.390063762664795,0.00034991707070730627,10.0,1.002259612083435,1.002259612083435,1.002259612083435,0.0015977589646354318,0.0,0.9723264575004578,48000.0,-0.0046471161767840385,0.0003339918330311775,-3.9041040622578294e-08,2.4603769779205322,-0.20317625999450684,10.919879913330078,6.91937255859375,-4.108774185180664,68.19183349609375,39.23892593383789,3.023775100708008,0.9341917037963867,3.9579763412475586,1212.7410888671875,0.8917917609214783,0.696244478225708,0.1508275866508484,0.025147970765829086,0.6746710538864136,1.0,0.0980244055390358,0.024807941168546677,-12951804.0,0.025147970765829086,-0.0021688591223210096,0.013833926990628242,0.0,1.2023810148239136,0.0
50.820045471191406,474.1199951171875,480.0,10.0,1.420905590057373,0.00023938795493450016,10.0,0.9985003471374512,0.9985003471374512,0.9985003471374512,0.0010604147100821137,0.0,1.0030982494354248,52800.0,-0.0006661653751507401,0.003980950801633298,1.2814998839871805e-08,2.2524774074554443,-0.2078995704650879,9.893917083740234,4.272430419921875,-2.646942138671875,73.10137939453125,43.1533317565918,3.0055127143859863,0.9008996486663818,3.906421184539795,1228.746337890625,0.7605581879615784,0.7325005531311035,0.09217659384012222,0.03457522392272949,0.9435819387435913,1.0,0.04092666134238243,0.033890265971422195,-33035802.0,0.03457522392272949,0.0019312049262225628,0.005444924347102642,0.0,1.9165434837341309,0.0
53.69011688232422,474.54998779296875,480.0,11.0,1.44710111618042,0.00037878492730669677,10.0,1.0032926797866821,1.0032926797866821,1.0032926797866821,0.002328360453248024,0.0,1.029654622077942,57600.0,-0.011153754778206348,-0.010487589403055608,1.2318293052260287e-08,2.0448408126831055,-0.20763659477233887,11.3494291305542,2.756040334701538,-1.516390085220337,77.34303283691406,47.096893310546875,3.0235073566436768,0.9118542671203613,3.935370922088623,1219.707275390625,0.9930839538574219,0.5044605731964111,0.08534590154886246,0.020279526710510254,0.6618316173553467,1.0,0.08328083902597427,0.02019250951707363,-10066221.0,0.020279526710510254,0.0012482444290071726,0.017905686050653458,0.0,1.0568647384643555,0.0
53.32801818847656,473.6099853515625,480.0,12.0,1.45679771900177,0.00018483267922420055,10.0,1.0008126497268677,1.0008126497268677,1.0008126497268677,0.0005746582173742354,0.0,1.0394459962844849,62400.0,-0.0073857661336660385,0.00376798864454031,-5.165735839085528e-09,1.5322234630584717,-0.5126173496246338,7.539653301239014,2.7036523818969727,-0.05238795280456543,80.6728515625,51.019630432128906,2.997687339782715,0.9167253971099854,3.914422035217285,1226.23486328125,0.7035850882530212,0.6657362580299377,0.1272735595703125,0.04040141776204109,1.0652827024459839,1.0,0.1957763433456421,0.03988504037261009,-1505004.875,0.04040141776204109,0.007846590131521225,0.11923244595527649,0.0,0.4095602035522461,0.0
53.52912521362305,473.510009765625,480.0,13.0,1.4485087394714355,0.00028797416598536074,10.0,0.9985769391059875,0.9985769391059875,0.9985769391059875,0.0010062138317152858,0.0,1.0315121412277222,67200.0,-0.0006776275113224983,0.00670813862234354,-9.139379031353201e-09,1.1464875936508179,-0.3857358694076538,7.492369651794434,1.5548211336135864,-1.1488312482833862,83.77143859863281,55.00599670410156,3.052098274230957,0.926215410232544,3.978322744369507,1206.5386962890625,0.6404674053192139,0.7845492959022522,0.10794316977262497,0.04875687509775162,1.057729959487915,1.0,0.09127633273601532,0.04726066440343857,-4609421.5,0.04875687509775162,0.007630218751728535,0.03891175612807274,0.0,0.7169262766838074,0.0
49.77391052246094,472.1700134277344,480.0,14.0,1.4450241327285767,0.0003507908259052783,10.0,1.0014766454696655,1.0014766454696655,1.0014766454696655,0.0010441179620102048,0.0,1.0282933712005615,72000.0,-0.02621256560087204,-0.02553493808954954,-4.5696895156766004e-09,0.4313245415687561,-0.7151630520820618,2.497260570526123,2.6079258918762207,1.0531047582626343,85.98284149169922,58.9715576171875,3.020444631576538,0.9371464252471924,3.9576010704040527,1212.856201171875,0.4808359742164612,0.31278035044670105,0.1369260549545288,0.08650397509336472,1.511797547340393,1.0,0.570531964302063,0.07019220292568207,-512955.09375,0.08650397509336472,-0.0752832442522049,0.34745246171951294,0.0,0.2399204671382904,0.0
46.693782806396484,471.5400085449219,480.0,15.0,1.4449667930603027,0.0003223676176276058,10.0,1.00254487991333,1.00254487991333,1.00254487991333,0.001799501827917993,0.0,1.0282591581344604,76800.0,-0.02120370604097843,0.005008859559893608,-4.371007111814151e-09,1.3694496154785156,0.9381250739097595,5.869004249572754,2.417121648788452,-0.19080424308776855,86.90213775634766,62.938377380371094,3.006884813308716,0.9516708850860596,3.9585659503936768,1212.5604248046875,1.2128363847732544,0.7578445672988892,0.09830731898546219,0.013596439734101295,0.5581713318824768,1.0,0.24392187595367432,0.012841629795730114,-761983.25,0.013596439734101295,-0.013267370872199535,0.23320192098617554,0.0,0.2928524911403656,0.0
44.230247497558594,471.79998779296875,480.0,16.0,1.4451225996017456,0.0002812152379192412,10.0,0.9961907863616943,0.9961907863616943,0.9961907863616943,0.0026935208588838577,0.0,1.0284024477005005,81600.0,-0.008485834114253521,0.01271787192672491,-3.47693762670076e-10,1.4765725135803223,0.10712289810180664,6.076625347137451,0.9066874384880066,-1.5104342103004456,89.00445556640625,66.91471862792969,3.0198774337768555,0.9478528499603271,3.9677438735961914,1209.755615234375,1.0535731315612793,0.6612242460250854,0.08291099965572357,0.018017740920186043,0.6096397638320923,1.0,0.232673779129982,0.018002433702349663,-996396.0625,0.018017740920186043,0.0016532157314941287,0.17855873703956604,0.0,0.3346758782863617,0.0
39.96957015991211,471.7699890136719,480.0,17.0,1.4515557289123535,0.00028422503964975476,10.0,0.9984534382820129,0.9984534382820129,0.9984534382820129,0.00109354208689183,0.0,1.0345295667648315,86400.0,-0.0038644636515527964,0.004621370462700725,1.3212362759418284e-08,0.9284168481826782,-0.548155665397644,5.079703330993652,0.743855357170105,-0.1628320813179016,91.2803955078125,70.7975845336914,2.9817521572113037,0.8931348323822021,3.8748972415924072,1238.7425537109375,0.6950856447219849,0.7033438682556152,0.11960291862487793,0.041395511478185654,1.0028018951416016,1.0,0.09089156240224838,0.04120214655995369,-5108608.0,0.041395511478185654,0.0025948509573936462,0.03482159227132797,0.0,0.7578628659248352,0.0
36.15105056762695,471.239990234375,480.0,18.0,1.4498705863952637,0.00024801510153338313,10.0,0.9994515776634216,0.9994515776634216,0.9994515776634216,0.0003878072020597756,0.0,1.0325080156326294,91200.0,-0.004188304301351309,-0.00032384064979851246,1.291433959771382e-09,1.3205043077468872,0.392087459564209,5.8822760581970215,1.4322307109832764,0.6883753538131714,92.58976745605469,74.68649291992188,2.978947639465332,0.9019052982330322,3.880861759185791,1236.8388671875,0.8626201152801514,0.6867051720619202,0.06697475910186768,0.026877611875534058,0.8505491614341736,1.0,0.13141697645187378,0.0201810784637928,-1236204.625,0.026877611875534058,0.031003408133983612,0.14353862404823303,0.0,0.3732764422893524,0.0
32.004180908203125,469.489990234375,480.0,19.0,1.4443707466125488,0.00028898389427922666,10.0,0.9959872961044312,0.9959872961044312,0.9959872961044312,0.0024049861822277308,0.0,1.026856780052185,96000.0,-0.005327529739588499,-0.0011392254382371902,-1.390775050680304e-09,0.9898990988731384,-0.3306052088737488,4.102443218231201,3.2870779037475586,1.8548471927642822,93.07479858398438,78.59940338134766,2.982487201690674,0.9225659370422363,3.905062675476074,1229.1737060546875,0.7124698758125305,0.3406822085380554,0.12858356535434723,0.03940005600452423,0.8801357746124268,2.0,0.49764955043792725,0.03650474548339844,-804376.4375,0.03940005600452423,0.025167467072606087,0.21876803040504456,0.0,0.30235910415649414,0.0
29.071516036987305,467.4700012207031,480.0,20.0,1.4436306953430176,0.00033279406488873065,10.0,0.9943194389343262,0.9943194389343262,0.9943194389343262,0.004016763065010309,0.0,1.0261605978012085,100800.0,-0.021207448095083237,-0.015879918355494738,3.3775966468141405e-09,0.907292902469635,-0.08260619640350342,4.362708568572998,2.6368417739868164,-0.6502361297607422,93.72506713867188,82.52783203125,2.97623872756958,0.9439237117767334,3.9201719760894775,1224.436279296875,0.7958601117134094,0.6574811339378357,0.10925230383872986,0.031575947999954224,0.9680684804916382,1.0,0.43687620759010315,0.030697761103510857,-237843.421875,0.031575947999954224,0.025367245078086853,0.7327559590339661,0.0,0.1652096062898636,0.0
25.93738555908203,466.4200134277344,480.0,21.0,1.4385279417037964,0.00032081754761748016,10.0,0.9952669143676758,0.9952669143676758,0.9952669143676758,0.0033468250185251236,0.0,1.021462321281433,105600.0,-0.020149800926446915,0.001057647168636322,4.271666131927532e-09,0.9662015438079834,0.05890864133834839,3.363406181335449,2.931377649307251,0.29453587532043457,92.8930892944336,86.40846252441406,2.9501006603240967,0.9222738742828369,3.8723835945129395,1239.5467529296875,0.8542062640190125,0.574253261089325,0.15475715696811676,0.02740970253944397,0.5388789772987366,1.0,0.5508992075920105,0.025630921125411987,-546777.1875,0.02740970253944397,-0.023751312866806984,0.3171412944793701,0.0,0.25112423300743103,0.0
27.050464630126953,464.9599914550781,480.0,22.0,1.4253650903701782,0.00034966287785209715,10.0,0.9988491535186768,0.9988491535186768,0.9988491535186768,0.0008137713302858174,0.0,1.0086091756820679,110400.0,-0.016253188252449036,0.003896612673997879,-4.76837147544984e-09,2.162672758102417,1.1964712142944336,8.655130386352539,3.32924747467041,0.3978698253631592,94.73848724365234,90.28715515136719,2.9466476440429688,0.9239842891693115,3.870640754699707,1240.1048583984375,0.8529198169708252,0.49772578477859497,0.11314871162176132,0.027492448687553406,0.7993372678756714,1.0,0.3957522511482239,0.02692815102636814,-1018527.9375,0.027492448687553406,-0.00976728554815054,0.16905945539474487,0.0,0.34394994378089905,0.0
27.102458953857422,463.2099914550781,480.0,23.0,1.4289954900741577,0.0003955616557504982,10.0,1.0040502548217773,1.0040502548217773,1.0040502548217773,0.002863906556740403,0.0,1.0132075548171997,115200.0,-0.02462039142847061,-0.008367203176021576,-9.934107980669182e-10,1.436241865158081,-0.7264308929443359,6.807154178619385,4.4192047119140625,1.0899572372436523,92.4783706665039,94.18797302246094,2.966599464416504,0.9260101318359375,3.8926191329956055,1233.1031494140625,0.8537885546684265,0.4124707877635956,0.13770340383052826,0.027436530217528343,0.5769824385643005,1.0,0.639251172542572,0.026445962488651276,-391883.8125,0.027436530217528343,0.020774684846401215,0.43569672107696533,0.0,0.21425099670886993,0.0
27.492088317871094,460.32000732421875,480.0,24.0,1.434059977531433,0.0003791553608607501,10.0,0.9967753887176514,0.9967753887176514,0.9967753887176514,0.0022801444865763187,0.0,1.0193485021591187,120000.0,-0.01896527409553528,0.005655117332935333,2.7418137094059603e-08,0.49273747205734253,-0.9435043931007385,2.109579563140869,5.350665092468262,0.9314603805541992,93.46992492675781,98.03944396972656,2.9163801670074463,0.926887035369873,3.843276023864746,1248.9346923828125,0.9349959492683411,0.40066981315612793,0.15889574587345123,0.022877594456076622,0.4076749384403229,1.0,0.48269206285476685,0.020805951207876205,-784923.5,0.022877594456076622,-0.02107979916036129,0.21449542045593262,0.0,0.30535563826560974,0.0
26.181419372558594,454.9100036621094,480.0,25.0,1.4384530782699585,0.000389444874599576,10.0,0.995769739151001,0.995769739151001,0.995769739151001,0.002991246059536934,0.0,1.0242618322372437,124800.0,-0.026625031605362892,-0.007659757509827614,1.0728836485895954e-08,0.9647862315177917,0.4720487594604492,4.515347003936768,6.177220344543457,0.8265552520751953,94.14195251464844,101.8565444946289,2.888171434402466,0.9210226535797119,3.809204578399658,1260.105712890625,0.6477883458137512,0.4953377842903137,0.12472760677337646,0.04766105115413666,0.9341709017753601,1.0,0.4319857656955719,0.04731609299778938,-356192.5625,0.04766105115413666,-0.012600837275385857,0.4602906107902527,0.0,0.20844857394695282,0.0
25.848295211791992,446.739990234375,480.0,26.0,1.4464210271835327,0.00036251929122954607,10.0,1.0058506727218628,1.0058506727218628,1.0058506727218628,0.004137022420763969,0.0,1.0316084623336792,129600.0,-0.044373247772455215,-0.017748216167092323,1.9868215406226852e-10,1.0164740085601807,0.051687777042388916,3.526592493057251,10.773904800415039,4.596684455871582,90.2388916015625,105.62812805175781,2.847810745239258,0.9156219959259033,3.763441801071167,1275.4283447265625,0.6956950426101685,0.38101622462272644,0.19437123835086823,0.04132302105426788,0.5639638900756836,1.0,1.1754493713378906,0.041144274175167084,-149336.96875,0.04132302105426788,-0.013725858181715012,1.0540096759796143,0.0,0.13775034248828888,0.0
25.836042404174805,439.55999755859375,480.0,27.0,1.4531141519546509,0.0003587408864405006,10.0,0.9983766674995422,0.9983766674995422,0.9983766674995422,0.001147855306044221,0.0,1.0378382205963135,134400.0,-0.03154236823320389,0.012830879539251328,-2.4835269396561444e-09,1.050201654434204,0.03372764587402344,3.259321689605713,13.808253288269043,3.034348487854004,88.55040740966797,109.36840057373047,2.824883460998535,0.9070405960083008,3.73193359375,1286.1966552734375,0.7417243123054504,0.5034980773925781,0.20383590459823608,0.03635337948799133,0.5890421867370605,1.0,0.6738625764846802,0.03292723372578621,-274411.75,0.03635337948799133,-0.0435287207365036,0.5530264973640442,0.0,0.19017000496387482,0.0
24.9540958404541,427.260009765625,480.0,28.0,1.4450346231460571,0.00035808802931569517,10.0,1.0012421607971191,1.0012421607971191,1.0012421607971191,0.000878340273629874,0.0,1.029897928237915,139200.0,-0.04198409244418144,-0.010441724210977554,-1.658995962827703e-08,0.8487905263900757,-0.20141112804412842,2.9716315269470215,24.316059112548828,10.507805824279785,79.41773223876953,113.11261749267578,2.8002238273620605,0.9360396862030029,3.7362725734710693,1284.7030029296875,0.7124191522598267,0.5236242413520813,0.2454773485660553,0.039405666291713715,0.5216920971870422,1.0,1.1224288940429688,0.03750142455101013,-116055.9609375,0.039405666291713715,-0.04832456260919571,1.2263487577438354,0.0,0.12770502269268036,0.0
25.125097274780273,417.8999938964844,480.0,29.0,1.4414676427841187,0.00040214767795987427,10.0,0.9993899464607239,0.9993899464607239,0.9993899464607239,0.000431387044955045,0.0,1.0254873037338257,144000.0,-0.03434096649289131,0.007643125951290131,1.0728836485895954e-08,1.0233042240142822,0.17451369762420654,4.141643524169922,24.438533782958984,0.12247467041015625,82.92160034179688,116.89834594726562,2.8652679920196533,0.912405252456665,3.7776832580566406,1270.6202392578125,0.8507580161094666,0.4126509428024292,0.2995949983596802,0.027632344514131546,0.37220343947410583,1.0,1.3555092811584473,0.02626132406294346,-127237.5703125,0.027632344514131546,0.03818950057029724,1.0637611150741577,0.0,0.13711751997470856,0.0
24.290855407714844,414.4800109863281,480.0,30.0,1.4279066324234009,0.0004160423995926976,10.0,1.0021504163742065,1.0021504163742065,1.0021504163742065,0.0015205459203571081,0.0,1.011616826057434,148800.0,-0.023595627397298813,0.010745339095592499,1.2119611092487048e-08,0.5343087911605835,-0.48899543285369873,2.187061309814453,8.71159553527832,-15.726938247680664,85.34680938720703,120.65435028076172,2.8229575157165527,0.9244043827056885,3.7473723888397217,1280.897705078125,0.5158188343048096,0.5532656311988831,0.3639041781425476,0.0751684382557869,0.8518480658531189,1.0,0.4062359929084778,0.07379701733589172,-334351.65625,0.0751684382557869,-0.023343030363321304,0.3973231911659241,0.0,0.22435876727104187,0.0
23.695999145507812,406.70001220703125,480.0,31.0,1.425206184387207,0.00038241155561991036,10.0,1.0012346506118774,1.0012346506118774,1.0012346506118774,0.0008731141570024192,0.0,1.0083903074264526,153600.0,-0.026808887720108032,-0.0032132603228092194,4.66903049556322e-09,0.3384682536125183,-0.19584053754806519,1.4353541135787964,6.9234232902526855,-1.7881722450256348,83.9295883178711,124.39019775390625,2.805171489715576,0.9222395420074463,3.727419853210449,1287.7542724609375,0.6142468452453613,0.37088218331336975,0.28080084919929504,0.0530083104968071,0.4983960688114166,1.0,0.9431679844856262,0.04639855772256851,-492248.71875,0.0530083104968071,-0.04133361577987671,0.2584768235683441,0.0,0.2781660854816437,0.0
21.066932678222656,399.1300048828125,480.0,32.0,1.4327956438064575,0.0003639861533883959,10.0,1.0024772882461548,1.0024772882461548,1.0024772882461548,0.0017516791122034192,0.0,1.0151785612106323,158400.0,-0.020881280303001404,0.005927607417106628,3.973643192267673e-09,0.4069770276546478,0.06850877404212952,1.5670585632324219,5.113253593444824,-1.8101696968078613,84.35823822021484,129.364501953125,3.722874402999878,1.243607759475708,4.966494560241699,966.4765014648438,0.9032890200614929,0.35689279437065125,0.3000212609767914,0.02451186627149582,0.3305222988128662,1.0,0.866316020488739,0.022739330306649208,-335937.71875,0.02451186627149582,0.0253603532910347,0.36284029483795166,0.0,0.23477791249752045,0.0
19.410362243652344,391.8500061035156,480.0,33.0,1.4213331937789917,0.00026372610591351986,10.0,0.9984478950500488,0.9984478950500488,0.9984478950500488,0.0009145591757260263,0.0,1.0040066242218018,163200.0,-0.016252998262643814,0.00462828204035759,9.834766778737958e-09,0.37781041860580444,-0.029166609048843384,1.7621186971664429,6.8910040855407715,1.7777504920959473,81.61091613769531,134.5275421142578,3.8308825492858887,1.3212766647338867,5.152172088623047,931.6459350585938,0.5503631234169006,0.3011762201786041,0.3678797483444214,0.06602847576141357,0.5411120057106018,2.0,0.9131768941879272,0.06456195563077927,-353448.0625,0.06602847576141357,-0.02201998606324196,0.3306325078010559,0.0,0.24594739079475403,0.0
20.239370346069336,385.7099914550781,480.0,34.0,1.4221299886703491,0.000404624966904521,10.0,1.0012397766113281,1.0012397766113281,1.0012397766113281,0.0008765982347540557,0.0,1.0056794881820679,168000.0,-0.03215127810835838,-0.01589827984571457,1.19209286886246e-09,0.35323935747146606,-0.02457106113433838,1.761142373085022,4.5164594650268555,-2.374544620513916,84.12249755859375,139.6002655029297,3.8203883171081543,1.2413361072540283,5.061737060546875,948.2911376953125,0.6543358564376831,0.3233287036418915,0.4703506529331207,0.0467119961977005,0.4038078486919403,1.0,0.7960400581359863,0.03329705446958542,-449897.40625,0.0467119961977005,-0.05796981602907181,0.25050419569015503,0.0,0.2825579047203064,0.0
20.901012420654297,382.1600036621094,480.0,35.0,1.4373606443405151,0.00038984150160104036,10.0,1.0034548044204712,1.0034548044204712,1.0034548044204712,0.002442887518554926,0.0,1.0237051248550415,172800.0,-0.019875667989253998,0.012275610119104385,2.4338562276682296e-09,0.5319019556045532,0.17866259813308716,2.3417768478393555,6.226454734802246,1.7099952697753906,82.69091033935547,143.93128967285156,3.358675956726074,0.9613451957702637,4.320030689239502,1111.1033935546875,0.819426417350769,0.31320685148239136,0.47242432832717896,0.029785845428705215,0.3591425120830536,1.0,0.7156481742858887,0.028497954830527306,-580780.4375,0.029785845428705215,-0.015641584992408752,0.18996895849704742,0.0,0.32446932792663574,0.0
20.980125427246094,377.6700134277344,480.0,36.0,1.4523248672485352,0.00039414106868207455,10.0,1.000693917274475,1.000693917274475,1.000693917274475,0.0004906455287709832,0.0,1.0402590036392212,177600.0,-0.033001113682985306,-0.013125445693731308,-1.9868215961338365e-09,0.5917456150054932,0.05984365940093994,3.2031588554382324,6.623248100280762,0.3967933654785156,78.1851577758789,147.6626434326172,2.7943029403686523,0.9287514686584473,3.7230637073516846,1289.260986328125,0.5456618666648865,0.21928934752941132,0.613010048866272,0.0671711340546608,0.3977808952331543,1.0,1.2299659252166748,0.04860076308250427,-285653.78125,0.0671711340546608,-0.08354625105857849,0.3758662939071655,0.0,0.23067381978034973,0.0
21.741239547729492,366.57000732421875,480.0,37.0,1.4531502723693848,0.00026661684387363493,10.0,0.9983759522438049,0.9983759522438049,0.9983759522438049,0.0009583859937265515,0.0,1.0399824380874634,182400.0,-0.025372162461280823,0.007628951221704483,-1.5695889032940613e-08,0.9935305118560791,0.40178489685058594,5.20562744140625,11.103843688964844,4.480595588684082,62.8676872253418,151.36453247070312,2.7812623977661133,0.9129331111907959,3.694206476211548,1299.3321533203125,0.574741780757904,0.2207990139722824,0.7019246220588684,0.06054585427045822,0.3948327898979187,2.0,1.6612941026687622,0.05335761234164238,-168015.96875,0.06054585427045822,-0.065479576587677,0.5964704751968384,0.0,0.18311356008052826,0.0
22.5677547454834,358.7099914550781,480.0,38.0,1.4560695886611938,0.00036615677527152,10.0,1.0019330978393555,1.0019330978393555,1.0019330978393555,0.0013669627951458097,0.0,1.0421676635742188,187200.0,-0.027966313064098358,-0.0025941506028175354,8.443991617035351e-10,1.1384375095367432,0.14490699768066406,5.303417205810547,14.436057090759277,3.3322134017944336,60.886348724365234,155.12171936035156,2.8110709190368652,0.9381341934204102,3.7492148876190186,1280.2681884765625,0.625041663646698,0.5218705534934998,0.6127925515174866,0.05119315907359123,0.3435027599334717,1.0,1.4220032691955566,0.05110149085521698,-218207.46875,0.05119315907359123,-0.006327435374259949,0.43674880266189575,0.0,0.21399278938770294,0.0
24.065868377685547,342.75,480.0,39.0,1.472828984260559,0.0003879772557411343,10.0,0.999570369720459,0.999570369720459,0.999570369720459,0.00030379448435269296,0.0,1.058333396911621,192000.0,-0.012073243036866188,0.01589307002723217,-1.9669533557475916e-08,1.3819445371627808,0.2435070276260376,8.24496841430664,10.139739036560059,-4.296318054199219,48.32246398925781,158.93605041503906,2.8398959636688232,0.9665312767028809,3.8064382076263428,1261.0216064453125,0.652364194393158,0.311189740896225,0.6125177145004272,0.046994782984256744,0.23801389336585999,1.0,0.5638678073883057,0.04665054753422737,-653738.375,0.046994782984256744,0.006717749871313572,0.13109609484672546,0.0,0.39058905839920044,0.0
26.13800048828125,325.2799987792969,480.0,40.0,1.4782081842422485,0.0003343188145663589,10.0,0.9968470931053162,0.9968470931053162,0.9968470931053162,0.0022294558584690094,0.0,1.0638155937194824,196800.0,-0.07759050279855728,-0.0655172597616911,-5.0266582007907346e-08,1.761523723602295,0.37957918643951416,8.086679458618164,43.01084899902344,32.87110996246338,41.886043548583984,162.77061462402344,2.8757503032684326,0.9506421089172363,3.826401948928833,1254.4423828125,0.5942697525024414,0.695143461227417,0.4938449561595917,0.05663210526108742,0.7254230380058289,1.0,1.3550392389297485,0.0506492555141449,-8881.7490234375,0.05663210526108742,-0.22593264281749725,8.531980514526367,0.0,0.0484161302447319,0.0
27.573060989379883,308.80999755859375,480.0,41.0,1.4723081588745117,0.0003019867872353643,10.0,0.99574214220047,0.99574214220047,0.99574214220047,0.0030107179190963507,0.0,1.0573711395263672,201600.0,-0.041323184967041016,0.036267317831516266,-7.599592066753758e-09,1.0538058280944824,-0.7077178955078125,5.70767068862915,15.624496459960938,-27.3863525390625,52.1988525390625,166.5684814453125,2.8625662326812744,0.9271197319030762,3.7896957397460938,1266.5926513671875,0.612173318862915,0.5643210411071777,0.5445615649223328,0.053368017077445984,0.5285879969596863,1.0,1.1052659749984741,0.04493296518921852,-22941.990234375,0.053368017077445984,-0.15693117678165436,2.919649124145508,0.0,0.08276556432247162,0.0
28.203596115112305,292.5400085449219,480.0,42.0,1.4744449853897095,0.0003073228581342846,10.0,0.9972562789916992,0.9972562789916992,0.9972562789916992,0.0019400756573304534,0.0,1.060410737991333,206400.0,-0.039667047560214996,0.0016561374068260193,-2.548098620991368e-08,0.92798912525177,-0.1258167028427124,5.844894886016846,18.89825439453125,3.2737579345703125,50.851112365722656,170.35421752929688,2.857858896255493,0.9171831607818604,3.775052070617676,1271.505859375,0.6137493848800659,0.7259581089019775,0.6116061210632324,0.053094282746315,0.44200819730758667,1.0,1.4654967784881592,0.036137960851192474,-62792.91796875,0.053094282746315,-0.12603576481342316,0.9368196129798889,0.0,0.1461123824119568,0.0
31.941797256469727,260.5199890136719,480.0,43.0,1.4663515090942383,0.0002627203066367656,10.0,0.9989848136901855,0.9989848136901855,0.9989848136901855,0.0006287192227318883,0.0,1.051983118057251,211200.0,-0.030468400567770004,0.009198646992444992,5.190571084057183e-09,1.6696010828018188,0.7416119575500488,9.239211082458496,12.161917686462402,-6.736336708068848,29.80719757080078,174.15174865722656,2.8366246223449707,0.9495766162872314,3.786210298538208,1267.758544921875,0.5247575044631958,0.32001993060112,0.778473436832428,0.0726294219493866,0.604374885559082,2.0,1.2875961065292358,0.057930730283260345,-75164.9765625,0.0726294219493866,-0.09309466928243637,0.5896183252334595,0.0,0.18417450785636902,0.0
36.286258697509766,224.1699981689453,480.0,44.0,1.4539483785629272,0.00038827990647405386,10.0,0.9995489120483398,0.9995489120483398,0.9995489120483398,0.00031899544410407543,0.0,1.0387181043624878,216000.0,-0.035388555377721786,-0.004920154809951782,-7.251898637150589e-09,2.6614747047424316,0.9918736219406128,10.435196876525879,3.5902247428894043,-8.571692943572998,20.511825561523438,177.95120239257812,2.828723430633545,0.9626893997192383,3.7914226055145264,1266.0157470703125,0.4223060607910156,0.4345531761646271,0.99623703956604,0.11214382946491241,0.44522562623023987,1.0,0.9313251972198486,0.09076306223869324,-100913.203125,0.11214382946491241,-0.08016983419656754,0.3006066679954529,0.0,0.2579382359981537,0.0
40.733890533447266,187.05999755859375,480.0,45.0,1.4412016868591309,0.0002646399661898613,10.0,0.9964860677719116,0.9964860677719116,0.9964860677719116,0.0020774449221789837,0.0,1.0252187252044678,220800.0,-0.021335361525416374,0.014053193852305412,1.0927518445669193e-08,2.275799512863159,-0.38567519187927246,11.36080265045166,3.0427489280700684,-0.5474758148193359,17.285303115844727,181.73867797851562,2.831768274307251,0.9476590156555176,3.7794363498687744,1270.03076171875,0.5464677214622498,0.3239216208457947,0.8248416781425476,0.06697317957878113,0.21236823499202728,2.0,0.8661531805992126,0.052585914731025696,-91127.53125,0.06697317957878113,-0.054459668695926666,0.20614448189735413,0.0,0.31147927045822144,0.0
47.366580963134766,152.52999877929688,480.0,46.0,1.4445921182632446,0.0003384944284334779,10.0,0.9994900822639465,0.9994900822639465,0.9994900822639465,0.00036052416544407606,0.0,1.0283114910125732,225600.0,-0.021655254065990448,-0.0003198925405740738,1.0828177465782574e-08,2.3269739151000977,0.05117440223693848,15.07735538482666,1.98821222782135,-1.0545367002487183,10.505196571350098,185.5260467529297,2.846118688583374,0.933455228805542,3.7795827388763428,1269.9815673828125,0.524959146976471,0.464064359664917,0.8260391354560852,0.07257363945245743,0.24802087247371674,1.0,0.5578556060791016,0.05945105105638504,-88822.2578125,0.07257363945245743,-0.039409391582012177,0.11835318803787231,0.0,0.41107872128486633,0.0
54.31989288330078,124.5199966430664,480.0,47.0,1.4517649412155151,0.0003672379825729877,10.0,1.0001364946365356,1.0001364946365356,1.0001364946365356,9.654439054429531e-05,0.0,1.036300778388977,230400.0,-0.021925032138824463,-0.0002697780728340149,-2.98023217215615e-10,2.5050456523895264,0.1780717372894287,16.53091812133789,2.3015596866607666,0.3133474588394165,8.078314781188965,189.3383331298828,2.8526968955993652,0.9507431983947754,3.803450345993042,1262.0120849609375,0.542816162109375,0.4660898745059967,0.5289813876152039,0.06787727773189545,0.40508776903152466,1.0,0.2105470895767212,0.04582686722278595,-160410.96875,0.06787727773189545,-0.027628932148218155,0.03461875021457672,0.0,0.7600798606872559,0.0
63.65110397338867,98.25,480.0,48.0,1.4493497610092163,0.00035525194834917784,10.0,0.9988794922828674,0.9988794922828674,0.9988794922828674,0.0007923045195639133,0.0,1.0333877801895142,235200.0,-0.010780786164104939,0.011144245974719524,-4.76837147544984e-09,2.738269329071045,0.23322367668151855,19.063430786132812,1.101732850074768,-1.1998268365859985,6.588502883911133,193.18115234375,2.8656723499298096,0.969012975692749,3.834695339202881,1251.7293701171875,0.5165172219276428,0.4235868453979492,0.5084654688835144,0.07496531307697296,0.43206682801246643,1.0,0.2580694258213043,0.06934380531311035,-204445.546875,0.07496531307697296,-0.008000826463103294,0.011387189850211143,0.0,1.3252766132354736,0.0
73.25546264648438,85.19999694824219,480.0,49.0,1.4360772371292114,0.00036921596620231867,10.0,0.9985514283180237,0.9985514283180237,0.9985514283180237,0.001024280791170895,0.0,1.022143840789795,240000.0,-0.013634679839015007,-0.0028538936749100685,2.4934609044180434e-08,1.87703537940979,-0.8612339496612549,21.390230178833008,21.568418502807617,20.46668565273285,5.275949001312256,196.9789276123047,2.8433632850646973,0.946070671081543,3.7894434928894043,1266.6771240234375,0.5953687429428101,0.42715662717819214,0.22474098205566406,0.05642321705818176,0.4337196350097656,1.0,0.3457047641277313,0.05634981021285057,-6593.84375,0.05642321705818176,0.003713967278599739,0.18790799379348755,0.0,0.32624387741088867,0.0
81.8331527709961,79.08999633789062,480.0,50.0,1.4255774021148682,0.0002832122554536909,10.0,1.0066620111465454,1.0066620111465454,1.0066620111465454,0.003947659861296415,0.0,1.0129762887954712,244800.0,-0.010304881259799004,0.0033297985792160034,-7.1525572131747595e-09,2.4513285160064697,0.5742931365966797,21.573034286499023,31.771766662597656,10.203348159790039,7.334743499755859,200.79478454589844,2.900874137878418,0.9068093299865723,3.807692289352417,1260.606201171875,0.516506016254425,0.31936243176460266,0.18717928230762482,0.07496856153011322,0.5048584938049316,2.0,0.6310358047485352,0.07368548214435577,-2277.207275390625,0.07496856153011322,0.02183573506772518,0.3716045022010803,0.0,0.23199281096458435,0.0
90.31787872314453,70.83999633789062,480.0,51.0,1.4438916444778442,0.0003887985076289624,10.0,0.9989109039306641,0.9989109039306641,0.9989109039306641,0.0007701353169977665,0.0,1.0347436666488647,249600.0,-0.007240943610668182,0.0030639376491308212,-1.3609727567143182e-08,3.100433588027954,0.6491050720214844,21.718769073486328,14.68268871307373,-17.089077949523926,9.615997314453125,204.58335876464844,2.8557066917419434,0.9247951507568359,3.7805111408233643,1269.6697998046875,0.5179107785224915,0.2654556632041931,0.24301432073116302,0.07456241548061371,0.5318813323974609,1.0,1.348197340965271,0.060414381325244904,-1092.380126953125,0.07456241548061371,0.0749988853931427,0.3975699543952942,0.0,0.22428913414478302,0.0
95.80725860595703,60.22999954223633,480.0,52.0,1.4545745849609375,0.0003418058331590146,10.0,0.9974966049194336,0.9974966049194336,0.9974966049194336,0.0017701676115393639,0.0,1.0471383333206177,254400.0,-0.03211156278848648,-0.0248706191778183,-8.816519958543267e-09,2.4255802631378174,-0.6748533248901367,18.28704833984375,13.61250114440918,-1.0701875686645508,6.308335304260254,208.3575439453125,2.8392720222473145,0.9268229007720947,3.766103982925415,1274.52685546875,0.4640437662601471,0.3799597918987274,0.48673486709594727,0.0928778350353241,0.47706127166748047,1.0,1.3678890466690063,0.08951736986637115,-184.68008422851562,0.0928778350353241,-0.04363568499684334,0.5666098594665527,0.0,0.18787670135498047,0.0
98.2823715209961,54.75,480.0,53.0,1.456441879272461,0.00041533788316883147,10.0,1.000137209892273,1.000137209892273,1.000137209892273,9.699395741336048e-05,0.0,1.0484225749969482,259200.0,-0.009764008224010468,0.022347554564476013,7.251898637150589e-09,2.5241615772247314,0.09858131408691406,14.936738014221191,1.453822374343872,-12.158678770065308,-2.504396438598633,212.11697387695312,2.827514171600342,0.9237782955169678,3.751302480697632,1279.5557861328125,0.48964956402778625,0.38442757725715637,0.6050864458084106,0.08341789245605469,0.4027671217918396,1.0,0.4503801763057709,0.0834144726395607,-185.29466247558594,0.08341789245605469,-0.0006455350667238235,0.12175236642360687,0.0,0.40529969334602356,0.0
99.00897216796875,54.599998474121094,480.0,54.0,1.4489109516143799,0.00027351119206286967,10.0,0.999911904335022,0.999911904335022,0.999911904335022,8.278839231934398e-05,0.0,1.0408343076705933,264000.0,-0.010397895239293575,-0.0006338870152831078,7.450580596923828e-09,1.800307273864746,-0.7238543033599854,12.90929126739502,0.98594069480896,-0.4678816795349121,-4.0281596183776855,215.90333557128906,2.8439557552337646,0.9342401027679443,3.7782046794891357,1270.4449462890625,0.5175949335098267,0.39061063528060913,0.6459157466888428,0.07465346157550812,0.3838024437427521,2.0,0.0733211413025856,0.07017376273870468,-1671.248291015625,0.07465346157550812,-0.007531111594289541,0.012661024928092957,0.0,1.2568410634994507,0.0
99.92396545410156,54.38999938964844,480.0,55.0,1.421867847442627,0.0002724429068621248,10.0,1.0033392906188965,1.0033392906188965,1.0033392906188965,0.001973294885829091,0.0,1.0158188343048096,268800.0,-0.006006942596286535,0.00439095264300704,-1.2045105357572083e-08,2.0550718307495117,0.2547645568847656,12.983419418334961,1.0990660190582275,0.11312532424926758,-3.605954170227051,219.6984405517578,2.840846538543701,0.9461939334869385,3.7870492935180664,1267.4776611328125,0.6315074563026428,0.3772972524166107,0.5758426785469055,0.05015023052692413,0.25382208824157715,2.0,0.12692922353744507,0.04923738166689873,-575.323486328125,0.05015023052692413,-0.005529679358005524,0.033496662974357605,0.0,0.7727057933807373,0.0
97.6098861694336,54.560001373291016,480.0,56.0,1.394186019897461,0.0004051524156238884,10.0,0.9989755749702454,0.9989755749702454,0.9989755749702454,0.000724335724953562,0.0,0.9895884394645691,273600.0,-0.0034018943551927805,0.0026050482410937548,4.371007111814151e-09,2.077178955078125,0.02210712432861328,11.45773696899414,0.7727589011192322,-0.32630711793899536,-3.6517772674560547,223.48719787597656,2.8618643283843994,0.9188485145568848,3.780722141265869,1269.598876953125,0.5831283330917358,0.5574995279312134,0.5661242604255676,0.0588168241083622,0.3292609453201294,1.0,0.07175174355506897,0.05850982666015625,-2179.84423828125,0.0588168241083622,0.0017112619243562222,0.009538938291370869,0.0,1.4479871988296509,0.0
95.65802764892578,54.470001220703125,480.0,57.0,1.3786735534667969,0.00037407130002975464,10.0,1.00225830078125,1.00225830078125,1.00225830078125,0.001596916001290083,0.0,0.975418746471405,278400.0,-0.0067384932190179825,-0.003336598863825202,-6.258487506016763e-09,2.1984894275665283,0.12131047248840332,13.1726713180542,0.8029577732086182,0.030198872089385986,-2.4336776733398438,227.2764129638672,2.855084180831909,0.9257359504699707,3.7808289527893066,1269.56298828125,0.7413816452026367,0.2831994295120239,0.6072312593460083,0.03638699650764465,0.17284615337848663,1.0,0.24874749779701233,0.036245815455913544,-256.56329345703125,0.03638699650764465,0.003315750975161791,0.07787299156188965,0.0,0.5067824125289917,0.0
90.44158172607422,54.790000915527344,480.0,58.0,1.3740004301071167,0.0002904478460550308,10.0,1.0044350624084473,1.0044350624084473,1.0044350624084473,0.002604882698506117,0.0,0.972114086151123,283200.0,0.004457165952771902,0.011195659171789885,-3.9736430812453705e-10,1.8031764030456543,-0.395313024520874,12.007548332214355,0.8341121673583984,0.031154394149780273,-2.7984185218811035,231.06170654296875,2.8258585929870605,0.951369047164917,3.777237892150879,1270.7701416015625,0.6166498064994812,0.4189884662628174,0.6820913553237915,0.052595995366573334,0.3205213248729706,2.0,0.08451371639966965,0.049955956637859344,-1980.1802978515625,0.052595995366573334,0.0055307792499661446,0.011586751788854599,0.0,1.3138141632080078,0.0
83.79093933105469,48.189998626708984,480.0,59.0,1.3583974838256836,0.000284845067653805,10.0,0.9972901940345764,0.9972901940345764,0.9972901940345764,0.001606396515853703,0.0,0.9560915231704712,288000.0,-0.019705085083842278,-0.02416225103661418,3.6756198085186043e-09,1.411859154701233,-0.3913172483444214,12.465675354003906,1.0620299577713013,0.22791779041290283,-1.9889315366744995,234.82696533203125,2.8322927951812744,0.9249024391174316,3.757204532623291,1277.5457763671875,0.7147194743156433,0.11514509469270706,0.6277312636375427,0.03915242478251457,0.2013816386461258,2.0,0.20305386185646057,0.03899386525154114,-25.378938674926758,0.03915242478251457,-0.004522392526268959,0.12898588180541992,1.3991503715515137,0.0,3.0
80.76189422607422,30.579999923706055,480.0,60.0,1.3380067348480225,0.0002756365283858031,10.0,0.999172568321228,0.999172568321228,0.999172568321228,0.0004906284739263356,0.0,0.9361011981964111,292800.0,-0.016687491908669472,0.003017593175172806,1.4851490703904346e-08,1.8616291284561157,0.4497699737548828,12.985816955566406,0.7385451197624207,-0.3234848380088806,-2.199042558670044,238.6050567626953,2.827188491821289,0.9428560733795166,3.7700538635253906,1273.1915283203125,0.7367988228797913,0.1382409632205963,0.5123099684715271,0.03684104606509209,0.23452965915203094,2.0,0.06639312952756882,0.03681603819131851,-45212.46875,0.03684104606509209,0.0004567423020489514,0.008341411128640175,1.357222557067871,0.0,3.0
79.05084228515625,17.610000610351562,480.0,61.0,1.307655692100525,0.00029647964402101934,10.0,1.0022910833358765,1.0022910833358765,1.0022910833358765,0.0013676414964720607,0.0,0.9056913256645203,297600.0,-0.014321002177894115,0.0023664897307753563,-2.6822089438383045e-08,2.3287510871887207,0.467121958732605,13.820159912109375,0.6407971382141113,-0.09774798154830933,-1.928228497505188,242.39756774902344,2.820608139038086,0.9637987613677979,3.784417152404785,1268.3592529296875,0.8686129450798035,0.15874488651752472,0.411930114030838,0.026508018374443054,0.22844593226909637,2.0,0.08204134553670883,0.02511124685406685,-229012.25,0.026508018374443054,-0.002529556630179286,0.004581020213663578,1.1512607336044312,0.0,3.0
81.64340209960938,7.260000228881836,480.0,62.0,1.2699767351150513,0.0002937473473139107,10.0,0.9980270862579346,0.9980270862579346,0.9980270862579346,0.001164933550171554,0.0,0.8693047761917114,302400.0,-0.013023003935813904,0.0012979982420802116,-1.9768874537362535e-08,2.45585560798645,0.1271045207977295,14.833237648010254,0.6169301271438599,-0.023867011070251465,-1.74689519405365,246.1764373779297,2.8220155239105225,0.9487526416778564,3.770777702331543,1272.9471435546875,1.0044845342636108,0.132050022482872,0.3693614602088928,0.019821809604763985,0.16432563960552216,2.0,0.1257016807794571,0.019469724968075752,-224767.390625,0.019821809604763985,-0.0016915755113586783,0.008127091452479362,0.9955354928970337,0.0,3.0
86.41580963134766,6.769999980926514,480.0,63.0,1.2369545698165894,0.0002887474838644266,10.0,1.0012792348861694,1.0012792348861694,1.0012792348861694,0.0007618432864546776,0.0,0.8403794765472412,307200.0,-0.011410790495574474,0.0016122134402394295,-1.0629494617830915e-08,2.859241247177124,0.40338563919067383,16.58065414428711,0.6379377245903015,0.02100759744644165,-1.5806331634521484,249.94021606445312,2.829335927963257,0.9264168739318848,3.7557621002197266,1278.036376953125,1.2194364070892334,0.1608225405216217,0.298706591129303,0.013449659571051598,0.16485334932804108,2.0,0.08262847363948822,0.012555960565805435,-251358.234375,0.013449659571051598,-0.0025777120608836412,0.007434927858412266,0.8200509548187256,0.0,3.0
92.54920196533203,7.010000228881836,480.0,64.0,1.1971776485443115,0.00029096860089339316,10.0,1.0015789270401,1.0015789270401,1.0015789270401,0.00095473846886307,0.0,0.8079507946968079,312000.0,-0.012612022459506989,-0.0012012319639325142,4.187226210206063e-08,3.0502798557281494,0.1910386085510254,18.464759826660156,0.8412935733795166,0.2033558487892151,-1.2736527919769287,253.6958465576172,2.8330671787261963,0.9144303798675537,3.747506856918335,1280.8516845703125,1.0350737571716309,0.13051584362983704,0.4230796694755554,0.018667545169591904,0.15761660039424896,2.0,0.11175400763750076,0.018397433683276176,-72839.6171875,0.018667545169591904,-0.002617912832647562,0.025372713804244995,0.9661146998405457,0.0,3.0
98.69047546386719,7.429999828338623,480.0,65.0,1.1503978967666626,0.0002857607905752957,10.0,0.9985849857330322,0.9985849857330322,0.9985849857330322,0.0008317918982356787,0.0,0.7716602087020874,316800.0,-0.011820475570857525,0.0007915468886494637,-6.24855331921026e-08,2.7585840225219727,-0.29169583320617676,20.166719436645508,0.9747541546821594,0.13346058130264282,-1.0357080698013306,257.4730529785156,2.82291579246521,0.9462215900421143,3.76914644241333,1273.498046875,1.0734184980392456,0.12667728960514069,0.3880753517150879,0.017357679083943367,0.14751620590686798,2.0,0.11011805385351181,0.017110591754317284,-168888.75,0.017357679083943367,0.0016282773576676846,0.010730158537626266,0.9316030740737915,0.0,3.0
107.15338134765625,8.3100004196167,480.0,66.0,1.1216092109680176,0.00028146212571300566,10.0,0.9968993067741394,0.9968993067741394,0.9968993067741394,0.0018451118376106024,0.0,0.7499917149543762,321600.0,-0.009602783247828484,0.0022176923230290413,4.688898869176228e-08,3.0745370388031006,0.31595301628112793,22.23849868774414,0.7743982672691345,-0.2003558874130249,-0.8943052887916565,261.28363037109375,2.879586696624756,0.9227466583251953,3.8023428916931152,1262.3797607421875,1.2708672285079956,0.1522798240184784,0.48614302277565,0.012383097782731056,0.14977942407131195,2.0,0.1851746141910553,0.012159951962530613,-75957.671875,0.012383097782731056,0.0022596456110477448,0.02288188599050045,0.7868642807006836,0.0,3.0
115.5492935180664,8.569999694824219,480.0,67.0,1.099098801612854,0.0002660310419742018,10.0,1.0013381242752075,1.0013381242752075,1.0013381242752075,0.0007908664993010461,0.0,0.7337660193443298,326400.0,-0.013607059605419636,-0.004004276357591152,3.228584954939606e-09,2.7843823432922363,-0.29015469551086426,23.82558250427246,0.8902345895767212,0.11583632230758667,-0.76430344581604,265.07281494140625,2.8459599018096924,0.9349350929260254,3.7809126377105713,1269.534912109375,1.1721372604370117,0.19748447835445404,0.3443383574485779,0.01455703005194664,0.21060296893119812,2.0,0.08372430503368378,0.010702619329094887,-62965.6953125,0.01455703005194664,-0.010250424966216087,0.027259983122348785,0.8531423807144165,0.0,3.0
125.77103424072266,8.270000457763672,480.0,68.0,1.0618667602539062,0.0002722691569942981,10.0,1.0024831295013428,1.0024831295013428,1.0024831295013428,0.0014932621270418167,0.0,0.7074509859085083,331200.0,-0.008699627593159676,0.00490743201225996,5.811452652437765e-09,2.822791814804077,0.03840947151184082,25.31633186340332,0.6849931478500366,-0.20524144172668457,-0.7815577983856201,268.86834716796875,2.8437864780426025,0.943187952041626,3.7869839668273926,1267.4996337890625,1.6551687717437744,0.2478012591600418,0.2561644911766052,0.0073003703728318214,0.187142014503479,2.0,0.08958446979522705,0.007188138552010059,-385959.90625,0.0073003703728318214,-0.0007115988992154598,0.0045118387788534164,0.6041679978370667,0.0,3.0
136.36483764648438,8.449999809265137,480.0,69.0,1.0170615911483765,0.0002842196845449507,10.0,0.9997992515563965,0.9997992515563965,0.9997992515563965,0.00014117505634203553,0.0,0.6759137511253357,336000.0,-0.006539949681609869,0.0021596779115498066,-1.1324882365215672e-08,2.8299365043640137,0.0071446895599365234,27.011255264282227,0.6477062702178955,-0.03728687763214111,-0.6138719320297241,272.66961669921875,2.827069044113159,0.9658317565917969,3.792912244796753,1265.5186767578125,1.7399159669876099,0.16443504393100739,0.22150777280330658,0.006606520153582096,0.11813432723283768,2.0,0.2423507273197174,0.00634837057441473,-58696.55078125,0.006606520153582096,0.002755501074716449,0.029412314295768738,0.5747404098510742,0.0,3.0
146.91986083984375,8.0,480.0,70.0,0.9806883335113525,0.00028220462263561785,10.0,1.0019266605377197,1.0019266605377197,1.0019266605377197,0.0011454008053988218,0.0,0.6523058414459229,340800.0,-0.00981836300343275,-0.0032784133218228817,1.9272167861572598e-08,2.8662405014038086,0.03630399703979492,29.18567657470703,0.6949977874755859,0.04729151725769043,-0.8309374451637268,276.4844665527344,2.871540069580078,0.931882381439209,3.803431987762451,1262.018310546875,1.411436676979065,0.11503855139017105,0.5130650997161865,0.010039376094937325,0.10188067704439163,2.0,0.2677476108074188,0.009869239293038845,-49937.41796875,0.010039376094937325,-0.002451518550515175,0.03532418608665466,0.708497941493988,0.0,3.0
155.75987243652344,9.100000381469727,480.0,71.0,0.9625289440155029,0.0002857687068171799,10.0,1.0014312267303467,1.0014312267303467,1.0014312267303467,0.0008429657900705934,0.0,0.6410751342773438,345600.0,-0.008695818483829498,0.0011225445196032524,-2.553065669985699e-08,2.4855642318725586,-0.38067626953125,30.671972274780273,0.8491042256355286,0.15410643815994263,-0.10946685820817947,280.2608947753906,2.8326406478881836,0.9354426860809326,3.768092393875122,1273.854248046875,1.4116545915603638,0.16733026504516602,0.35115957260131836,0.010036276653409004,0.14816857874393463,2.0,0.22628849744796753,0.009998396039009094,-45687.80078125,0.010036276653409004,0.001177696860395372,0.03661390393972397,0.7083885669708252,0.0,3.0
164.11105346679688,9.720000267028809,480.0,72.0,0.9471614956855774,0.00027287419652566314,10.0,0.9992493391036987,0.9992493391036987,0.9992493391036987,0.0004465388192329556,0.0,0.6292650103569031,350400.0,-0.009280627593398094,-0.0005848091095685959,8.312364485618673e-08,2.7200632095336914,0.2344989776611328,31.474000930786133,0.8459712862968445,-0.003132939338684082,-0.39561593532562256,284.0528869628906,2.835479259490967,0.9481921195983887,3.783681869506836,1268.6058349609375,1.5236022472381592,0.16222743690013885,0.3984992206096649,0.008615614846348763,0.13309529423713684,2.0,0.13922299444675446,0.00840217899531126,-63276.890625,0.008615614846348763,-0.0023393784649670124,0.025640912353992462,0.6563392877578735,0.0,3.0
172.0790252685547,10.40999984741211,480.0,73.0,0.9295132756233215,0.000391967041650787,10.0,1.0040925741195679,1.0040925741195679,1.0040925741195679,0.0028938024770468473,0.0,0.6163357496261597,355200.0,-0.010354222729802132,-0.0010735951364040375,-2.115964825577521e-08,2.5422375202178955,-0.1778256893157959,33.35295867919922,0.6719362139701843,-0.17403507232666016,-0.5305098295211792,287.83935546875,2.850097894668579,0.9281144142150879,3.778221607208252,1270.4390869140625,1.4185504913330078,0.29212868213653564,0.22330032289028168,0.009938937611877918,0.20593465864658356,1.0,0.18894138932228088,0.009493442252278328,-54171.0859375,0.009938937611877918,0.0035902373492717743,0.028933648020029068,0.7049449682235718,0.0,3.0
178.93954467773438,11.020000457763672,480.0,74.0,0.8960306644439697,0.0002758666523732245,10.0,1.0008419752120972,1.0008419752120972,1.0008419752120972,0.0004922178341075778,0.0,0.5950373411178589,360000.0,-0.011250177398324013,-0.0008959546685218811,-6.943940888959332e-08,2.204511880874634,-0.3377256393432617,34.855167388916016,0.7965688705444336,0.12463265657424927,-0.22793304920196533,291.626708984375,2.83846378326416,0.9402017593383789,3.778674840927124,1270.28662109375,1.3160849809646606,0.19190548360347748,0.5251152515411377,0.011546801775693893,0.18226927518844604,2.0,0.38658854365348816,0.010589092038571835,-26527.369140625,0.011546801775693893,-0.007406473625451326,0.05727815628051758,0.7598293423652649,0.0,3.0
187.2289581298828,10.5600004196167,480.0,75.0,0.8638901710510254,0.000291458738502115,10.0,0.9976577162742615,0.9976577162742615,0.9976577162742615,0.0013743051094934344,0.0,0.5759156346321106,364800.0,-0.007382100913673639,0.0038680764846503735,4.182259161211732e-08,1.994920253753662,-0.20959162712097168,36.70896911621094,0.6018779277801514,-0.19469094276428223,-0.7368531227111816,295.4295959472656,2.851977825164795,0.9421412944793701,3.794128179550171,1265.1129150390625,2.145705461502075,0.267524391412735,0.09793270379304886,0.004343990236520767,0.15584872663021088,2.0,0.090683214366436,0.001977855572476983,-81889.6484375,0.004343990236520767,-0.00670412415638566,0.018995225429534912,0.4660471975803375,0.0,3.0
194.10574340820312,10.529999732971191,480.0,76.0,0.8147749900817871,0.00027561490423977375,10.0,0.9986755847930908,0.9986755847930908,0.9986755847930908,0.0008004785049706697,0.0,0.5483952760696411,369600.0,-0.011187111027538776,-0.003805010113865137,3.1789144649962964e-09,2.004150629043579,0.009230375289916992,38.23942565917969,1.735013723373413,1.1331357955932617,0.337667316198349,299.1819152832031,2.832872152328491,0.9106669425964355,3.74354887008667,1282.2059326171875,1.3132312297821045,0.16602365672588348,0.21684317290782928,0.01159704104065895,0.15802977979183197,2.0,0.5716647505760193,0.011568738147616386,-28585.533203125,0.01159704104065895,-0.001241965452209115,0.05449887737631798,0.7614805102348328,0.0,3.0
201.4280242919922,9.850000381469727,480.0,77.0,0.7675380706787109,0.0002846394490916282,10.0,0.9994868636131287,0.9994868636131287,0.9994868636131287,0.0003009198699146509,0.0,0.5224814414978027,374400.0,-0.007653786800801754,0.0035333242267370224,-6.119410045357654e-08,2.074000835418701,0.06985020637512207,39.78131866455078,0.6619280576705933,-1.0730856657028198,-0.5903086066246033,302.96368408203125,2.854595899581909,0.9189822673797607,3.773587942123413,1271.9991455078125,1.5565848350524902,0.1619008332490921,0.29014548659324646,0.008254367858171463,0.1300128698348999,2.0,0.0584288090467453,0.008067958056926727,-207374.53125,0.008254367858171463,-0.001203765394166112,0.007773472927510738,0.6424320340156555,0.0,3.0
208.26181030273438,9.6899995803833,480.0,78.0,0.74162358045578,0.00027793945628218353,10.0,1.0018771886825562,1.0018771886825562,1.0018771886825562,0.0011030372697860003,0.0,0.5092653632164001,379200.0,-0.007238307502120733,0.00041547929868102074,5.433956928868611e-08,1.7237722873687744,-0.35022854804992676,40.93045425415039,0.5437214374542236,-0.11820662021636963,-0.7245689034461975,306.7505798339844,2.835824489593506,0.9427800178527832,3.778613567352295,1270.3074951171875,1.8906724452972412,0.1317242532968521,0.40566202998161316,0.005594955757260323,0.08708823472261429,2.0,0.12166216224431992,0.005491799209266901,-291244.09375,0.005594955757260323,0.0007586338906548917,0.005579145159572363,0.528912365436554,0.0,3.0
213.0126495361328,10.90999984741211,480.0,79.0,0.7215198278427124,0.00027080494328401983,10.0,0.9976375699043274,0.9976375699043274,0.9976375699043274,0.001371396821923554,0.0,0.49960464239120483,384000.0,-0.014205843210220337,-0.006967535708099604,-2.1855036891338386e-08,1.7553341388702393,0.031561851501464844,41.92330551147461,0.777127206325531,0.23340576887130737,0.400177925825119,310.53814697265625,2.8414559364318848,0.9382584095001221,3.779723644256592,1269.934326171875,1.093144178390503,0.1764666885137558,0.30250826478004456,0.016736891120672226,0.20178797841072083,2.0,0.38115131855010986,0.01079552061855793,-16243.3828125,0.016736891120672226,-0.023641254752874374,0.0940706878900528,0.9147924184799194,0.0,3.0
216.22381591796875,12.0,480.0,80.0,0.7099263668060303,0.0003931815444957465,10.0,0.9979348182678223,0.9979348182678223,0.9979348182678223,0.0014602758456021547,0.0,0.49329838156700134,388800.0,-0.011412166059017181,0.0027936771512031555,7.748603536583687e-09,1.9099246263504028,0.15459048748016357,42.35771560668945,0.9929476380348206,0.21582043170928955,0.3713880777359009,314.2942199707031,2.842420816421509,0.9055976867675781,3.7480273246765137,1280.673828125,1.198940634727478,0.22538693249225616,0.6915450692176819,0.013913433998823166,0.18798838555812836,1.0,0.1985676884651184,0.013911950401961803,-44351.9765625,0.013913433998823166,0.00021975534036755562,0.032557711005210876,0.8340696692466736,0.0,3.0
220.27725219726562,11.119999885559082,480.0,81.0,0.6878055334091187,0.0002712337882257998,10.0,0.9985693693161011,0.9985693693161011,0.9985693693161011,0.000848326541017741,0.0,0.4818241000175476,393600.0,-0.011350160464644432,6.200559437274933e-05,2.5654832924715265e-08,2.26305890083313,0.35313427448272705,44.29582977294922,0.8372330665588379,-0.15571457147598267,0.2999695837497711,318.08251953125,2.839750289916992,0.9405572414398193,3.7803165912628174,1269.7349853515625,1.19552743434906,0.14771485328674316,0.5324047803878784,0.013992992229759693,0.15444529056549072,2.0,0.1598234623670578,0.013956109993159771,-87697.6953125,0.013992992229759693,0.0007973317988216877,0.017237091436982155,0.8364508748054504,0.0,3.0
223.4924774169922,11.1899995803833,480.0,82.0,0.671222448348999,0.00026689664809964597,10.0,0.9966759085655212,0.9966759085655212,0.9966759085655212,0.0019633183255791664,0.0,0.47362199425697327,398400.0,-0.0061039705760777,0.005246189888566732,-2.446273938971899e-08,2.2795019149780273,0.01644301414489746,45.02008056640625,0.731052577495575,-0.10618048906326294,0.45594385266304016,321.8382263183594,2.828465461730957,0.9192564487457275,3.7477304935455322,1280.7752685546875,2.4401254653930664,0.1654648631811142,0.23428751528263092,0.003358956426382065,0.08476247638463974,2.0,0.18367336690425873,0.003354787826538086,-88977.5546875,0.003358956426382065,-0.0002656395663507283,0.01692803204059601,0.4098149836063385,0.0,3.0
226.14500427246094,12.510000228881836,480.0,83.0,0.6543805003166199,0.0002662913466338068,10.0,0.9987064003944397,0.9987064003944397,0.9987064003944397,0.0007568427245132625,0.0,0.46577489376068115,403200.0,-0.013239708729088306,-0.007135738153010607,-4.010896059725155e-09,2.3023393154144287,0.022837400436401367,45.69490051269531,1.1338578462600708,0.40280526876449585,1.1272135972976685,325.6413879394531,2.83244252204895,0.9626154899597168,3.795067071914673,1264.7998046875,1.190812587738037,0.14641410112380981,0.6813231110572815,0.014104017987847328,0.153691366314888,2.0,0.3849039673805237,0.013511136174201965,-12777.5673828125,0.014104017987847328,-0.00807560607790947,0.10999729484319687,0.8397626876831055,0.0,3.0
230.12986755371094,11.779999732971191,480.0,84.0,0.6273481845855713,0.00028338597621768713,10.0,1.0021971464157104,1.0021971464157104,1.0021971464157104,0.0013034101575613022,0.0,0.45354852080345154,408000.0,-0.0120646171271801,0.001175091601908207,-3.279497207131499e-08,1.9760292768478394,-0.32631003856658936,47.058738708496094,0.8035857081413269,-0.3302721381187439,0.5491030216217041,329.42962646484375,2.849830150604248,0.9294302463531494,3.779268741607666,1270.0870361328125,1.50563383102417,0.12880149483680725,0.38363146781921387,0.008822481147944927,0.10693293809890747,2.0,0.4576041102409363,0.007354776840656996,-27679.53125,0.008822481147944927,-0.008800968527793884,0.05277426913380623,0.6641721129417419,0.0,3.0
229.5817413330078,11.579999923706055,480.0,85.0,0.5926023125648499,0.0002759335038717836,10.0,1.0029369592666626,1.0029369592666626,1.0029369592666626,0.0017420874210074544,0.0,0.43811875581741333,412800.0,-0.006528916303068399,0.0055357008241117,9.710589665701264e-09,2.468526840209961,0.4924975633621216,45.52006912231445,0.5903110504150391,-0.21327465772628784,0.3834155797958374,333.218994140625,2.8402295112609863,0.9410383701324463,3.781278610229492,1269.412109375,2.08970046043396,0.12087557464838028,0.2003549337387085,0.004579952452331781,0.07230436056852341,2.0,0.08927115052938461,0.004546784795820713,-107939.3359375,0.004579952452331781,0.0006734804483130574,0.013675227761268616,0.4785374701023102,0.0,3.0
231.37493896484375,10.529999732971191,480.0,86.0,0.5528398752212524,0.0002853246114682406,10.0,1.0012309551239014,1.0012309551239014,1.0012309551239014,0.0007363975164480507,0.0,0.4214991331100464,417600.0,-0.006788975093513727,-0.00026005879044532776,-1.887480394202612e-08,1.8946212530136108,-0.5739055871963501,46.74445724487305,0.6031440496444702,0.012832999229431152,0.08694708347320557,336.96173095703125,2.8265018463134766,0.9082615375518799,3.734774112701416,1285.218505859375,1.610730528831482,0.10937989503145218,0.27191147208213806,0.007708745077252388,0.08488377183675766,2.0,0.2292976975440979,0.0071421777829527855,-56523.234375,0.007708745077252388,0.003951657563447952,0.027561761438846588,0.6208363175392151,0.0,3.0
231.2349090576172,11.020000457763672,480.0,87.0,0.5453008413314819,0.0002706565719563514,10.0,1.003078818321228,1.003078818321228,1.003078818321228,0.0018320886883884668,0.0,0.41878029704093933,422400.0,-0.012595762498676777,-0.00580678740516305,3.6756198085186043e-09,1.66375732421875,-0.23086392879486084,47.08729553222656,0.6352474689483643,0.03210341930389404,0.09180568158626556,340.6977233886719,2.8182384967803955,0.9098489284515381,3.7280964851379395,1287.5205078125,1.403325080871582,0.15874139964580536,0.2299797534942627,0.010155773721635342,0.14139758050441742,2.0,0.3018837869167328,0.007380197755992413,-45761.08203125,0.010155773721635342,-0.009599976241588593,0.033203739672899246,0.7125932574272156,0.0,3.0
231.58811950683594,11.550000190734863,480.0,88.0,0.5360822081565857,0.0002754861197900027,10.0,1.001558542251587,1.001558542251587,1.001558542251587,0.0009248071000911295,0.0,0.41518473625183105,427200.0,-0.012654600664973259,-5.8838166296482086e-05,-3.6756198085186043e-09,1.6687114238739014,0.004954099655151367,47.99748992919922,0.7726482152938843,0.13740074634552002,0.146915465593338,344.5220947265625,2.85929012298584,0.9562931060791016,3.8155930042266846,1257.995849609375,1.2077938318252563,0.1370183825492859,0.4577476680278778,0.013710209168493748,0.1418064534664154,2.0,0.15446250140666962,0.011218678206205368,-53880.71484375,0.013710209168493748,-0.008268234319984913,0.027438417077064514,0.8279559016227722,0.0,3.0
233.65054321289062,10.029999732971191,480.0,89.0,0.5091161727905273,0.0002759546332526952,10.0,1.0050475597381592,1.0050475597381592,1.0050475597381592,0.002992433262988925,0.0,0.40397775173187256,432000.0,-0.011109910905361176,0.0015446897596120834,7.549921576810448e-09,1.1444941759109497,-0.5242172479629517,48.33754348754883,0.6241000890731812,-0.14854812622070312,0.15669962763786316,348.3153991699219,2.839775800704956,0.945044994354248,3.7848308086395264,1268.2205810546875,1.3428322076797485,0.12225498259067535,0.732832133769989,0.011091393418610096,0.11380327492952347,2.0,0.2677384912967682,0.010312558151781559,-77516.265625,0.011091393418610096,-0.004006456583738327,0.020609864965081215,0.7446946501731873,0.0,3.0
235.75381469726562,9.329999923706055,480.0,90.0,0.48921072483062744,0.0002721338823903352,10.0,1.0006557703018188,1.0006557703018188,1.0006557703018188,0.0003952558327000588,0.0,0.3956754207611084,436800.0,-0.007519332226365805,0.003590578678995371,4.7783057510741855e-08,1.397626519203186,0.25313234329223633,48.124454498291016,0.6010203957557678,-0.02307969331741333,0.18066632747650146,352.0579833984375,2.8157598972320557,0.9186887741088867,3.7344584465026855,1285.3271484375,1.6747335195541382,0.08131428807973862,0.7414423227310181,0.0071307942271232605,0.0606919564306736,2.0,0.2863759696483612,0.0070854295045137405,-72398.390625,0.0071307942271232605,0.0010180496610701084,0.022846471518278122,0.5971099138259888,0.0,3.0
238.4222869873047,8.920000076293945,480.0,91.0,0.4664527475833893,0.00027603580383583903,10.0,0.9989748001098633,0.9989748001098633,0.9989748001098633,0.0005989423952996731,0.0,0.38720953464508057,441600.0,-0.006788601167500019,0.0007307310588657856,-2.846121738286911e-08,1.2349461317062378,-0.16268038749694824,49.44642639160156,0.5901973247528076,-0.010823071002960205,0.06873536109924316,355.8191223144531,2.8523781299591064,0.9007515907287598,3.7531397342681885,1278.9293212890625,1.9302573204040527,0.16752655804157257,0.12191121280193329,0.005367830395698547,0.10848718136548996,2.0,0.19725161790847778,0.005253841634839773,-89424.1953125,0.005367830395698547,-0.0014666763599961996,0.018871460109949112,0.5180656313896179,0.0,3.0
241.07879638671875,9.300000190734863,480.0,92.0,0.46556997299194336,0.0004058713384438306,10.0,1.0008611679077148,1.0008611679077148,1.0008611679077148,0.000608937640208751,0.0,0.3864903450012207,446400.0,-0.011507093906402588,-0.004718492738902569,-1.64409481584471e-08,1.0582678318023682,-0.17667829990386963,49.3651237487793,0.8515278697013855,0.2613305449485779,0.46208685636520386,359.5810241699219,2.8563880920410156,0.8975331783294678,3.7539303302764893,1278.659912109375,1.2791625261306763,0.15433265268802643,0.3873974680900574,0.012223009020090103,0.12065134197473526,1.0,0.14328420162200928,0.011591905727982521,-182979.9375,0.012223009020090103,0.002390247769653797,0.009052839130163193,0.7817614674568176,0.0,3.0
243.53326416015625,7.849999904632568,480.0,93.0,0.4610917270183563,0.0002693988208193332,10.0,0.9995864629745483,0.9995864629745483,0.9995864629745483,0.00023892820172477514,0.0,0.3844965100288391,451200.0,-0.010808004066348076,0.000699089840054512,4.440546064188311e-08,1.29945707321167,0.24118924140930176,49.762447357177734,0.6086410284042358,-0.24288684129714966,0.30810847878456116,363.35015869140625,2.8291330337524414,0.9316086769104004,3.7607510089874268,1276.341064453125,1.364654779434204,0.15152475237846375,0.17628225684165955,0.010739498771727085,0.13879401981830597,2.0,0.1445506066083908,0.010355114936828613,-153857.953125,0.010739498771727085,-0.0021067841444164515,0.0115471500903368,0.7327860593795776,0.0,3.0
244.27085876464844,8.300000190734863,480.0,94.0,0.42649945616722107,0.0002773382293526083,10.0,1.0002061128616333,1.0002061128616333,1.0002061128616333,0.00011937518866034225,0.0,0.3711772859096527,456000.0,-0.008330589160323143,0.002477414906024933,-3.1789144649962964e-09,1.056083083152771,-0.24337399005889893,50.40924072265625,0.6032847166061401,-0.005356311798095703,0.33810728788375854,367.1205749511719,2.824394702911377,0.9377443790435791,3.762148141860962,1275.866943359375,1.4541951417922974,0.2255437672138214,0.41259822249412537,0.009457670152187347,0.1938733607530594,2.0,0.16858510673046112,0.009242121130228043,-142689.8125,0.009457670152187347,-0.0016207362059503794,0.012186492793262005,0.6876656413078308,0.0,3.0
248.6800994873047,8.850000381469727,480.0,95.0,0.3813903331756592,0.00028768196352757514,10.0,0.9983630180358887,0.9983630180358887,0.9983630180358887,0.0009867075132206082,0.0,0.35456201434135437,460800.0,-0.011401277966797352,-0.003070688806474209,1.0828177465782574e-08,1.2170504331588745,0.16096735000610352,52.229862213134766,0.6311493515968323,0.02786463499069214,0.16417914628982544,370.897705078125,2.824500322341919,0.9443173408508301,3.768826484680176,1273.606201171875,1.2288589477539062,0.1001625806093216,0.4207347631454468,0.013244193978607655,0.10188578814268112,2.0,0.18316225707530975,0.012253030203282833,-213457.0,0.013244193978607655,-0.002804060699418187,0.007932839915156364,0.8137630224227905,0.0,3.0
250.24676513671875,8.6899995803833,480.0,96.0,0.3610938489437103,0.00040157337207347155,10.0,0.9973335266113281,0.9973335266113281,0.9973335266113281,0.0018854814115911722,0.0,0.347282737493515,465600.0,-0.011243300512433052,0.00015797745436429977,-1.0232130698284436e-08,1.0931832790374756,-0.12386715412139893,51.7660026550293,0.5454446077346802,-0.0857047438621521,0.1710701286792755,374.63568115234375,2.8278892040252686,0.9018681049346924,3.729766368865967,1286.9439697265625,1.4779412746429443,0.2716623544692993,0.5755568742752075,0.009156197309494019,0.18381135165691376,1.0,0.1398598700761795,0.008878033608198166,-209956.328125,0.009156197309494019,-0.0015036286786198616,0.00812794640660286,0.6766168475151062,0.0,3.0
251.77166748046875,8.260000228881836,480.0,97.0,0.33391809463500977,0.00027310478617437184,10.0,1.003495216369629,1.003495216369629,1.003495216369629,0.0020462526008486748,0.0,0.3381170332431793,470400.0,-0.008801797404885292,0.00244150310754776,8.443991617035351e-10,1.3493716716766357,0.25618839263916016,51.70765686035156,0.5791525840759277,0.03370797634124756,0.17231963574886322,378.4501647949219,2.8676679134368896,0.9386212825775146,3.806297779083252,1261.068115234375,1.3435968160629272,0.16292135417461395,0.611155092716217,0.011078773066401482,0.15157203376293182,2.0,0.055420346558094025,0.010061598382890224,-1064896.875,0.011078773066401482,0.0012900197179988027,0.0016360427252948284,0.744270920753479,0.0,3.0
253.30844116210938,8.329999923706055,480.0,98.0,0.30496710538864136,0.0002758560876827687,10.0,1.0019700527191162,1.0019700527191162,1.0019700527191162,0.0011408088030293584,0.0,0.328482061624527,475200.0,-0.003403918817639351,0.005397878587245941,1.9272167861572598e-08,1.4225314855575562,0.07315981388092041,52.81803894042969,0.5965209007263184,0.017368316650390625,0.02126658707857132,382.1793212890625,2.818089485168457,0.9031426906585693,3.7212412357330322,1289.8924560546875,1.758812665939331,0.12071061134338379,0.22031565010547638,0.006465322338044643,0.08578983694314957,2.0,0.49153009057044983,0.005278103984892368,-13185.3935546875,0.006465322338044643,0.012503798119723797,0.1316901296377182,0.5685653686523438,0.0,3.0
254.140625,8.380000114440918,480.0,99.0,0.29405519366264343,0.00039518772973679006,10.0,1.0016131401062012,1.0016131401062012,1.0016131401062012,0.0011406623525545,0.0,0.32475608587265015,480000.0,-0.011688534170389175,-0.008284615352749825,2.8659899342642348e-08,1.6997538805007935,0.2772223949432373,52.040767669677734,0.5296165347099304,-0.06690436601638794,0.21994461119174957,385.988525390625,2.850095748901367,0.9502854347229004,3.8003907203674316,1263.028076171875,1.346886396408081,0.1261301040649414,0.5164065361022949,0.011024722829461098,0.09364572167396545,1.0,0.19685322046279907,0.009042427875101566,-115041.578125,0.011024722829461098,-0.0054633463732898235,0.015057363547384739,0.7424530982971191,0.0,3.0
252.2098388671875,8.859999656677246,480.0,100.0,0.27506956458091736,0.0002699923061300069,10.0,1.0045795440673828,1.0045795440673828,1.0045795440673828,0.0027769487351179123,0.0,0.31861069798469543,484800.0,-0.012430044822394848,-0.0007415106520056725,-5.9604643443123e-10,1.783482551574707,0.08372867107391357,52.0126953125,0.6714104413986206,0.14179390668869019,0.5224938988685608,389.7350158691406,2.839242458343506,0.898684024810791,3.7379345893859863,1284.1317138671875,1.149731993675232,0.1016867607831955,0.4151366353034973,0.01512991450726986,0.11055485159158707,2.0,0.21901196241378784,0.014382625930011272,-348424.8125,0.01512991450726986,-0.0019052589777857065,0.004857564810663462,0.8697679042816162,0.0,3.0
250.8633575439453,9.699999809265137,480.0,101.0,0.28173747658729553,0.00037907520891167223,10.0,0.9977248311042786,0.9977248311042786,0.9977248311042786,0.0016087451949715614,0.0,0.32084566354751587,489600.0,-0.005777237005531788,0.00665280781686306,-9.33806099112644e-09,1.940807819366455,0.15732526779174805,51.840301513671875,0.6093335151672363,-0.06207692623138428,0.4679829478263855,393.5123596191406,2.828932046890259,0.9404969215393066,3.769437313079834,1273.399658203125,2.0901334285736084,0.1381247490644455,0.3318514823913574,0.00457805534824729,0.06608416885137558,1.0,0.2645023465156555,0.004221645183861256,-78331.78125,0.00457805534824729,0.0027183853089809418,0.020733458921313286,0.4784383475780487,0.0,3.0
249.3411865234375,9.880000114440918,480.0,102.0,0.2729150950908661,0.0002795403415802866,10.0,0.9966887831687927,0.9966887831687927,0.9966887831687927,0.0019469063263386488,0.0,0.3180006742477417,494400.0,-0.007079993840306997,-0.0013027568347752094,9.126961408867373e-09,1.9831421375274658,0.04233431816101074,51.3326416015625,0.6191834807395935,0.009849965572357178,0.7168387174606323,397.29705810546875,2.8363187313079834,0.940222978591919,3.776550531387329,1271.0013427734375,1.4774233102798462,0.11830396205186844,0.275755375623703,0.009162618778645992,0.10009315609931946,2.0,0.3576662540435791,0.007032923400402069,-73434.890625,0.009162618778645992,0.006832323037087917,0.02191891521215439,0.6768540740013123,0.0,3.0
249.39178466796875,9.819999694824219,480.0,103.0,0.23755639791488647,0.0002846996358130127,10.0,0.9952938556671143,0.9952938556671143,0.9952938556671143,0.002769528655335307,0.0,0.3069456219673157,499200.0,-0.010465748608112335,-0.003385754767805338,-1.5720724277912268e-08,1.9040669202804565,-0.07907521724700928,51.636329650878906,0.6016073822975159,-0.017576098442077637,0.10912841558456421,401.05767822265625,2.822227716445923,0.9303624629974365,3.7525992393493652,1279.113525390625,1.3911906480789185,0.15279605984687805,0.3140442371368408,0.010333709418773651,0.13728897273540497,2.0,0.3251037299633026,0.007907059043645859,-89365.984375,0.010333709418773651,-0.006621057633310556,0.01806538738310337,0.7188087701797485,0.0,3.0
250.28253173828125,9.069999694824219,480.0,104.0,0.19151881337165833,0.00028211952303536236,10.0,0.999657392501831,0.999657392501831,0.999657392501831,0.00021482512238435447,0.0,0.29318302869796753,504000.0,-0.008419783785939217,0.0020459648221731186,1.1324882365215672e-08,1.603015422821045,-0.3010514974594116,51.74485778808594,0.5300469398498535,-0.07156044244766235,0.1396382600069046,404.8503112792969,2.8254380226135254,0.9591412544250488,3.7845892906188965,1268.3016357421875,1.6203137636184692,0.10986576229333878,0.33177340030670166,0.007617827970534563,0.08475656807422638,2.0,0.14661455154418945,0.007417153567075729,-388641.15625,0.007617827970534563,-0.0009300655219703913,0.004310559947043657,0.6171644330024719,0.0,3.0
248.70468139648438,8.5,480.0,105.0,0.14604343473911285,0.0002850268210750073,10.0,1.0001869201660156,1.0001869201660156,1.0001869201660156,0.00011543633445398882,0.0,0.2801336646080017,508800.0,-0.00666408846154809,0.0017556953243911266,-1.1026859425555813e-08,2.5623528957366943,0.9593374729156494,51.50680160522461,0.5093886256217957,-0.02065831422805786,0.01949876919388771,408.62420654296875,2.8247368335723877,0.9409492015838623,3.765695095062256,1274.665283203125,1.9562747478485107,0.09603653103113174,0.5221395492553711,0.005226000677794218,0.061364445835351944,2.0,0.17579039931297302,0.005224219989031553,-73433.453125,0.005226000677794218,-0.00020436267368495464,0.02345319092273712,0.5111756324768066,0.0,3.0
248.36180114746094,8.859999656677246,480.0,106.0,0.10471853613853455,0.00028138075140304863,10.0,1.001160979270935,1.001160979270935,1.001160979270935,0.0006868552300147712,0.0,0.268815815448761,513600.0,-0.009813746437430382,-0.003149657975882292,-1.887480394202612e-09,2.0329301357269287,-0.5294227600097656,51.508426666259766,0.5687269568443298,0.05933833122253418,0.18343916535377502,412.38092041015625,2.822702169418335,0.9260022640228271,3.748713493347168,1280.4393310546875,1.4304728507995605,0.0842570960521698,0.431485652923584,0.00977395474910736,0.07362695038318634,2.0,0.16050204634666443,0.008079647086560726,-379041.5,0.00977395474910736,-0.0027505340985953808,0.004465199075639248,0.6990695595741272,0.0,3.0
248.76031494140625,9.460000038146973,480.0,107.0,0.07491506636142731,0.0002741865173447877,10.0,0.9998389482498169,0.9998389482498169,0.9998389482498169,0.00014074475620873272,0.0,0.2608634829521179,518400.0,-0.007079449947923422,0.00273429648950696,3.4160912321112846e-08,2.3495521545410156,0.3166220188140869,50.78766632080078,0.5692338347434998,0.0005068778991699219,0.411683589220047,416.13623046875,2.8203203678131104,0.9268596172332764,3.7471892833709717,1280.960205078125,2.1132395267486572,0.13785012066364288,0.1834321767091751,0.004478489980101585,0.0815395787358284,2.0,0.34568536281585693,0.004355016630142927,-81077.5546875,0.004478489980101585,-0.0015820505796000361,0.02027059532701969,0.47320711612701416,0.0,3.0
247.0467529296875,10.079999923706055,480.0,108.0,0.04762891307473183,0.0002836625790223479,10.0,1.0002336502075195,1.0002336502075195,1.0002336502075195,0.00014550764171872288,0.0,0.2538069188594818,523200.0,-0.004944234155118465,0.0021352157928049564,1.639127722441458e-09,1.8642641305923462,-0.48528802394866943,51.589988708496094,0.5168262124061584,-0.05240762233734131,0.4698915481567383,419.90972900390625,2.8250834941864014,0.9404788017272949,3.7655744552612305,1274.7073974609375,2.1828105449676514,0.11102832108736038,0.3431830108165741,0.00419755931943655,0.06358105689287186,2.0,0.3967527151107788,0.004181962460279465,-75704.953125,0.00419755931943655,0.000572993652895093,0.021050211042165756,0.45812496542930603,0.0,3.0
249.2998046875,10.210000038146973,480.0,109.0,0.03234727680683136,0.0002771741128526628,10.0,0.9965779185295105,0.9965779185295105,0.9965779185295105,0.0020001400262117386,0.0,0.24994444847106934,528000.0,-0.008166523650288582,-0.0032222894951701164,3.1292437085994607e-08,2.0083909034729004,0.1441267728805542,52.56199264526367,0.6728085875511169,0.1559823751449585,0.44960418343544006,423.6745300292969,2.819709062576294,0.9372854232788086,3.7570033073425293,1277.6142578125,1.5376464128494263,0.10085398703813553,0.36269474029541016,0.00845895055681467,0.08198731392621994,2.0,0.2925225794315338,0.008426753804087639,-45746.4140625,0.00845895055681467,-0.0010555986082181334,0.0346091166138649,0.6503445506095886,0.0,3.0
251.47726440429688,9.800000190734863,480.0,110.0,0.010482579469680786,0.000280281383311376,10.0,1.000295877456665,1.000295877456665,1.000295877456665,0.00020218714780639857,0.0,0.24454434216022491,532800.0,-0.0073125711642205715,0.0008539524860680103,6.109476036186834e-09,2.510108709335327,0.5017178058624268,52.50305938720703,0.5353395342826843,-0.13746905326843262,0.41839292645454407,427.4084167480469,2.819084644317627,0.9069640636444092,3.7260589599609375,1288.2244873046875,1.7595590353012085,0.08086800575256348,0.2793494164943695,0.0064598387107253075,0.05744905024766922,2.0,0.1644248217344284,0.006424766965210438,-452852.875,0.0064598387107253075,-0.00035377521999180317,0.0035685659386217594,0.5683242082595825,0.0,3.0
253.35125732421875,10.0,480.0,111.0,0.02934861183166504,0.00037562960642389953,10.0,0.9977818131446838,0.9977818131446838,0.9977818131446838,0.001568480976857245,0.0,0.24921254813671112,537600.0,-0.008418305777013302,-0.0011057346127927303,1.7633039917086535e-08,2.075185537338257,-0.4349231719970703,52.82521438598633,0.5002490878105164,-0.03509044647216797,0.7616234421730042,431.1909484863281,2.8395049571990967,0.9347763061523438,3.7742903232574463,1271.7623291015625,1.6117513179779053,0.12403269857168198,0.2123391479253769,0.0076989829540252686,0.07695522904396057,1.0,0.1918831318616867,0.004376404453068972,-294900.90625,0.0076989829540252686,-0.004245799966156483,0.00542554073035717,0.6204431056976318,0.0,3.0
254.55096435546875,9.430000305175781,480.0,112.0,0.04048558697104454,0.00041424750816076994,10.0,0.9985032677650452,0.9985032677650452,0.9985032677650452,0.0010583355324342847,0.0,0.2519991397857666,542400.0,-0.005686837248504162,0.00273146852850914,-5.041559614227253e-09,2.034360647201538,-0.04082489013671875,53.14340591430664,0.53196120262146,0.031712114810943604,0.40589675307273865,434.9697265625,2.8377158641815186,0.9329628944396973,3.7706878185272217,1272.9775390625,1.9258129596710205,0.1398879438638687,0.5597897171974182,0.005392634309828281,0.0726383775472641,1.0,0.1547333002090454,0.004790693987160921,-474081.09375,0.005392634309828281,0.0014456243952736259,0.0034718113020062447,0.5192612409591675,0.0,3.0
255.4691619873047,9.010000228881836,480.0,113.0,0.03482544794678688,0.00026922315009869635,10.0,1.0011839866638184,1.0011839866638184,1.0011839866638184,0.00073498539859429,0.0,0.2506181001663208,547200.0,-0.00975576788187027,-0.004068930633366108,-4.967053990334591e-10,2.2821288108825684,0.24776816368103027,54.21891784667969,0.4755690395832062,-0.056392163038253784,0.014897918328642845,438.7357177734375,2.818103551864624,0.9395890235900879,3.7577033042907715,1277.3760986328125,1.26253342628479,0.11114481091499329,0.7570840716362,0.012547114863991737,0.11004146188497543,2.0,0.1854359209537506,0.012468792498111725,-333206.4375,0.012547114863991737,-0.0006284413393586874,0.0050424495711922646,0.7920582294464111,0.0,3.0
252.5982666015625,10.100000381469727,480.0,114.0,0.047275643795728683,0.00040392178925685585,10.0,1.0035076141357422,1.0035076141357422,1.0035076141357422,0.002480257535353303,0.0,0.25373101234436035,552000.0,-0.009319743141531944,0.0004360247403383255,-1.6987323547823507e-08,2.5329642295837402,0.2508354187011719,52.43831253051758,0.539984405040741,0.06441536545753479,0.6597350835800171,442.5351867675781,2.833941698074341,0.95731520652771,3.791268825531006,1266.0672607421875,1.6143430471420288,0.1351538747549057,0.5608590841293335,0.007674282416701317,0.08372064679861069,1.0,0.23310180008411407,0.007501643151044846,-264469.84375,0.007674282416701317,-0.0010194240603595972,0.006019617430865765,0.6194470524787903,0.0,3.0
254.30398559570312,10.6899995803833,480.0,115.0,0.04305483400821686,0.0002690122928470373,10.0,0.9965655207633972,0.9965655207633972,0.9965655207633972,0.00201600044965744,0.0,0.2527278661727905,556800.0,-0.009045719169080257,0.00027402397245168686,2.577900914957354e-08,1.9032365083694458,-0.6297277212142944,53.00146484375,0.46372801065444946,-0.0762563943862915,0.49037572741508484,446.3530578613281,2.8715031147003174,0.9377255439758301,3.8092379570007324,1260.0946044921875,1.40513277053833,0.10076991468667984,0.515363335609436,0.010129658505320549,0.08964446187019348,2.0,0.25689002871513367,0.009494058787822723,-205479.5,0.010129658505320549,0.0021863046567887068,0.007520331535488367,0.7116765379905701,0.0,3.0
254.82064819335938,10.65999984741211,480.0,116.0,0.020077675580978394,0.0002855209168046713,10.0,0.9967186450958252,0.9967186450958252,0.9967186450958252,0.0019377564312890172,0.0,0.247304767370224,561600.0,-0.00841426756232977,0.0006314516067504883,-3.1789144649962964e-09,2.4153518676757812,0.5121153593063354,53.96550750732422,0.5962677597999573,0.1325397491455078,0.4428977370262146,450.16387939453125,2.8697850704193115,0.9326214790344238,3.802415609359741,1262.3555908203125,1.677266240119934,0.0965806245803833,0.7790285348892212,0.00710927601903677,0.07197771221399307,2.0,0.46228885650634766,0.006820255890488625,-49841.37109375,0.00710927601903677,-0.0029957350343465805,0.03105120360851288,0.5962082743644714,0.0,3.0
254.80162048339844,10.479999542236328,480.0,117.0,0.013150970451533794,0.0004164708952885121,10.0,0.9967398643493652,0.9967398643493652,0.9967398643493652,0.002305292058736086,0.0,0.2460864782333374,566400.0,-0.006989654153585434,0.0014246134087443352,-2.0364920860771463e-09,2.719830274581909,0.30447840690612793,53.61703872680664,0.634906530380249,0.03863877058029175,0.4629504978656769,453.9293518066406,2.8157567977905273,0.9415409564971924,3.757307529449463,1277.5107421875,2.0307700634002686,0.12394475191831589,0.48612180352211,0.004849618766456842,0.06103336811065674,1.0,0.567887008190155,0.004835513420403004,-44267.92578125,0.004849618766456842,0.0007054495508782566,0.035281285643577576,0.49242404103279114,0.0,3.0
252.17723083496094,10.5,480.0,118.0,-0.0009375945664942265,0.00026962559786625206,10.0,1.0059845447540283,1.0059845447540283,1.0059845447540283,0.003529778914526105,0.0,0.24316799640655518,571200.0,-0.006467765662819147,0.0005218884907662868,4.857778534983481e-08,1.5983493328094482,-1.121480941772461,51.60606002807617,0.5937721133232117,-0.041134417057037354,0.48664137721061707,457.730224609375,2.8467180728912354,0.9461708068847656,3.7928974628448486,1265.5233154296875,1.4403693675994873,0.10467102378606796,0.9365956783294678,0.009640105068683624,0.09083697199821472,2.0,0.7214066386222839,0.006720471195876598,-53596.01171875,0.009640105068683624,0.009219236671924591,0.029111288487911224,0.6942663788795471,0.0,3.0
250.37542724609375,10.289999961853027,480.0,119.0,0.026956060901284218,0.0003757606027647853,10.0,1.002908706665039,1.002908706665039,1.002908706665039,0.0020568224135786295,0.0,0.24974052608013153,576000.0,-0.012441568076610565,-0.005973802413791418,-8.145968344308585e-09,2.261972188949585,0.6636228561401367,53.436134338378906,0.4989013373851776,-0.09487077593803406,0.11192957311868668,461.45819091796875,2.8277511596679688,0.8923079967498779,3.7200679779052734,1290.2991943359375,1.374100685119629,0.1590690016746521,0.2298300564289093,0.010592352598905563,0.11576227098703384,1.0,0.2302941083908081,0.009812457486987114,-113381.8515625,0.010592352598905563,0.0032934127375483513,0.013907717540860176,0.727748692035675,0.0,3.0
249.92373657226562,11.229999542236328,480.0,120.0,0.03593099117279053,0.0002805003896355629,10.0,0.9977308511734009,0.9977308511734009,0.9977308511734009,0.0013313248055055737,0.0,0.25173527002334595,580800.0,-0.008936951868236065,0.0035046162083745003,-1.0530153637944295e-08,2.077575445175171,-0.18439674377441406,52.216575622558594,0.5376104116439819,0.03870907425880432,0.6063243746757507,465.2419128417969,2.8232107162475586,0.9525415897369385,3.775761604309082,1271.266845703125,1.5119203329086304,0.08949518203735352,0.6012259721755981,0.00874926708638668,0.0739913210272789,2.0,0.5416221022605896,0.008726335130631924,-15917.26953125,0.00874926708638668,-0.0014715814031660557,0.09443271160125732,0.6614105105400085,0.0,3.0
246.81298828125,10.369999885559082,480.0,121.0,-0.004978239070624113,0.00028463834314607084,10.0,1.0007438659667969,1.0007438659667969,1.0007438659667969,0.00044433001312427223,0.0,0.24162621796131134,585600.0,-0.010695894248783588,-0.0017589423805475235,-2.4338563164860716e-08,2.9292969703674316,0.8517215251922607,52.158599853515625,0.5250147581100464,-0.012595653533935547,0.4618740975856781,469.0322570800781,2.80622935295105,0.9762377738952637,3.7824759483337402,1269.01025390625,1.173076868057251,0.10569532960653305,0.7013576030731201,0.014533719047904015,0.11262619495391846,2.0,0.20027942955493927,0.014060602523386478,-272220.8125,0.014533719047904015,0.0016521421493962407,0.005769338458776474,0.8524590730667114,0.0,3.0
249.58071899414062,9.960000038146973,480.0,122.0,-0.03500670567154884,0.00040873236139304936,10.0,0.9977790713310242,0.9977790713310242,0.9977790713310242,0.0015704758698120713,0.0,0.23499727249145508,590400.0,-0.008885858580470085,0.0018100356683135033,6.6558518696524516e-09,2.2083969116210938,-0.7209000587463379,53.55049514770508,0.48082053661346436,-0.04419422149658203,0.05357520282268524,472.7822265625,2.8297717571258545,0.9117600917816162,3.7415409088134766,1282.89404296875,1.6546787023544312,0.14712083339691162,0.46020519733428955,0.007304694037884474,0.0889120101928711,1.0,0.1782509833574295,0.007252871058881283,-252833.234375,0.007304694037884474,-0.0005732423742301762,0.006340934894979,0.6043469309806824,0.0,3.0
248.58567810058594,10.720000267028809,480.0,123.0,-0.08565907925367355,0.00028641606331802905,10.0,0.9998393058776855,0.9998393058776855,0.9998393058776855,0.00010717950499383733,0.0,0.22357910871505737,595200.0,-0.00757699366658926,0.001308864913880825,2.9926499056642797e-09,2.6388399600982666,0.43044304847717285,52.983734130859375,0.46824705600738525,-0.012573480606079102,0.25548306107521057,476.5447998046875,2.8259127140045166,0.928551197052002,3.7544729709625244,1278.4752197265625,1.7393096685409546,0.09215214848518372,0.7987316846847534,0.0066111269406974316,0.06622753292322159,2.0,0.1607806384563446,0.006602746434509754,-669749.25,0.0066111269406974316,-0.00013894744915887713,0.002303715329617262,0.5749407410621643,0.0,3.0
250.9691619873047,9.970000267028809,480.0,124.0,-0.11665207147598267,0.00028214973281137645,10.0,0.9992983341217041,0.9992983341217041,0.9992983341217041,0.00040970960981212556,0.0,0.21718552708625793,600000.0,-0.008580503985285759,-0.0010035103186964989,-1.7881393032936899e-09,2.4944345951080322,-0.14440536499023438,53.861446380615234,0.565557599067688,0.09731054306030273,0.2223026603460312,480.2966613769531,2.8200316429138184,0.9231512546539307,3.743192672729492,1282.3280029296875,1.4551515579223633,0.10662855207920074,0.649507999420166,0.00944524072110653,0.09159573912620544,2.0,0.4968416094779968,0.009256076067686081,-69849.3125,0.00944524072110653,0.0020831674337387085,0.022940807044506073,0.687213659286499,0.0,3.0
