Metrics/EpRet,Metrics/EpCost,Metrics/EpLen,Train/Epoch,Train/Entropy,Train/KL,Train/StopIter,Train/PolicyRatio,Train/PolicyRatio/Min,Train/PolicyRatio/Max,Train/PolicyRatio/Std,Train/LR,Train/PolicyStd,TotalEnvSteps,Loss/Loss_pi,Loss/Loss_pi/Delta,Value/Adv,Loss/Loss_reward_critic,Loss/Loss_reward_critic/Delta,Value/reward,Loss/Loss_cost_critic,Loss/Loss_cost_critic/Delta,Value/cost,Time/Total,Time/Rollout,Time/Update,Time/Epoch,Time/FPS,Metrics/LagrangeMultiplier
5.8090596199035645,38.83333206176758,45.04545593261719,0.0,1.4192143678665161,0.0021611207630485296,10.0,0.9979241490364075,0.9979241490364075,0.9979241490364075,0.008873168379068375,0.00029819278279319406,1.0002806186676025,3000.0,-0.0008700041216798127,-0.0008700041216798127,-0.1388486623764038,1.7553386688232422,1.7553386688232422,-0.040373992174863815,48.80881118774414,48.80881118774414,-0.08476102352142334,4.051357269287109,2.7613372802734375,1.289806842803955,4.051167011260986,740.5274047851562,0.03599999472498894
5.8664774894714355,42.65999984741211,48.4900016784668,1.0,1.4078294038772583,0.0015065419720485806,10.0,0.9991150498390198,0.9991150498390198,0.9991150498390198,0.006447216961532831,0.0002963855513371527,0.9889701008796692,6000.0,-0.00018488884961698204,0.0006851152720628306,-0.21080075204372406,2.164628028869629,0.4092893600463867,0.9021724462509155,37.07170867919922,-11.737102508544922,10.121426582336426,8.00505256652832,2.6027204990386963,1.3448147773742676,3.9475557804107666,759.9639892578125,0.07096454501152039
6.054008960723877,42.86000061035156,49.619998931884766,2.0,1.4054656028747559,0.0017778726760298014,10.0,0.9986308217048645,0.9986308217048645,0.9986308217048645,0.007616961374878883,0.0002945783198811114,0.986619234085083,9000.0,-0.0007948484853841364,-0.0006099596357671544,-0.253948450088501,1.9301944971084595,-0.23443353176116943,1.4474272727966309,25.553701400756836,-11.518007278442383,15.57617473602295,12.05882453918457,2.768282651901245,1.2795298099517822,4.047833442687988,741.1372680664062,0.10603563487529755
7.542410850524902,47.189998626708984,55.290000915527344,3.0,1.4028573036193848,0.0024254261516034603,10.0,1.0007009506225586,1.0007009506225586,1.0007009506225586,0.008808820508420467,0.00029277108842507005,0.9840547442436218,12000.0,-0.0006093416595831513,0.0001855068258009851,0.08788345009088516,2.57955002784729,0.6493555307388306,1.7560906410217285,28.234392166137695,2.6806907653808594,19.74946403503418,15.856145858764648,2.516951322555542,1.2742512226104736,3.791228771209717,791.30029296875,0.14120255410671234
8.492439270019531,49.47999954223633,58.220001220703125,4.0,1.401519536972046,0.004276632331311703,10.0,1.0003107786178589,1.0003107786178589,1.0003107786178589,0.01027886476367712,0.0002909638569690287,0.9827507734298706,15000.0,-0.0019553094170987606,-0.0013459677575156093,0.1347157210111618,3.37894344329834,0.7993934154510498,2.233638286590576,26.898393630981445,-1.33599853515625,22.14983558654785,19.6528263092041,2.5076448917388916,1.28326416015625,3.790930986404419,791.3623657226562,0.17652034759521484
8.089070320129395,47.529998779296875,55.779998779296875,5.0,1.4040967226028442,0.007547752000391483,10.0,0.9997668862342834,0.9997668862342834,0.9997668862342834,0.014834857545793056,0.0002891566255129874,0.9853277802467346,18000.0,-0.003073005471378565,-0.0011176960542798042,0.2853895127773285,3.2013871669769287,-0.17755627632141113,2.244938611984253,22.922679901123047,-3.9757137298583984,23.162012100219727,23.61496925354004,2.5951051712036133,1.3612902164459229,3.9564170837402344,758.2618408203125,0.21194979548454285
8.54692268371582,41.900001525878906,49.65999984741211,6.0,1.4020438194274902,0.025677144527435303,3.0,1.000430941581726,1.000430941581726,1.000430941581726,0.026578892022371292,0.00028734939405694604,0.9833303689956665,21000.0,-0.005175778176635504,-0.002102772705256939,-0.19034543633460999,3.918238401412964,0.7168512344360352,2.702665090560913,19.142717361450195,-3.7799625396728516,23.06728172302246,26.75035285949707,2.72312068939209,0.40623974800109863,3.129387617111206,958.6541748046875,0.24697260558605194
7.00718879699707,32.0099983215332,39.5099983215332,7.0,1.3929033279418945,0.003220311598852277,10.0,0.9986490607261658,0.9986490607261658,0.9986490607261658,0.008950457908213139,0.0002855421626009047,0.9743672609329224,24000.0,-0.002360632410272956,0.002815145766362548,0.16440929472446442,3.3830273151397705,-0.5352110862731934,2.5304625034332275,13.40855598449707,-5.734161376953125,20.754125595092773,31.041828155517578,2.9989635944366455,1.2867586612701416,4.285750389099121,699.9942016601562,0.27989083528518677
6.840876579284668,29.809999465942383,37.33000183105469,8.0,1.3922456502914429,0.001655638450756669,10.0,0.9999678134918213,0.9999678134918213,0.9999678134918213,0.006930575706064701,0.00028373493114486337,0.9736793041229248,27000.0,-0.00025947176618501544,0.0021011606440879405,0.0005143678863532841,3.059035539627075,-0.3239917755126953,2.1685376167297363,10.531389236450195,-2.877166748046875,18.61024284362793,35.31830978393555,2.9643568992614746,1.3057546615600586,4.270138740539551,702.5533447265625,0.3105553984642029
6.272774696350098,28.8799991607666,35.310001373291016,9.0,1.3879159688949585,0.0017188929487019777,10.0,1.0002329349517822,1.0002329349517822,1.0002329349517822,0.007589991204440594,0.00028192769968882203,0.9694678783416748,30000.0,-0.000852073251735419,-0.0005926014855504036,-0.17263153195381165,3.2913389205932617,0.23230338096618652,2.070134401321411,8.794092178344727,-1.7372970581054688,16.713754653930664,39.69525909423828,3.0006659030914307,1.3702504634857178,4.370938301086426,686.3515625,0.3390964865684509
5.641739368438721,27.920000076293945,33.040000915527344,10.0,1.381324052810669,0.0024830871261656284,10.0,0.9983376264572144,0.9983376264572144,0.9983376264572144,0.008929937146604061,0.0002801204682327807,0.9631065130233765,33000.0,-0.002154001034796238,-0.001301927783060819,0.10727156698703766,2.035693407058716,-1.255645513534546,1.776944637298584,6.743936061859131,-2.0501561164855957,15.709945678710938,44.1086311340332,3.115448474884033,1.2918713092803955,4.407345771789551,680.6817626953125,0.36556920409202576
6.24196720123291,27.790000915527344,34.04999923706055,11.0,1.3793597221374512,0.0013964393874630332,10.0,0.9987951517105103,0.9987951517105103,0.9987951517105103,0.006478887517005205,0.0002783132658805698,0.9612234830856323,36000.0,-0.00037034289562143385,0.001783658139174804,-0.22136883437633514,2.210109233856201,0.17441582679748535,1.7938834428787231,5.707968235015869,-1.0359678268432617,15.049571990966797,48.48293685913086,3.077216148376465,1.2907400131225586,4.367978096008301,686.8167114257812,0.39022859930992126
6.9098334312438965,28.510000228881836,35.279998779296875,12.0,1.3692899942398071,0.003213318530470133,10.0,1.0009397268295288,1.0009397268295288,1.0009397268295288,0.009318937547504902,0.0002765060344245285,0.951618492603302,39000.0,-0.002433626912534237,-0.002063284016912803,0.08208585530519485,2.900017738342285,0.689908504486084,2.0277907848358154,7.145181179046631,1.4372129440307617,15.787504196166992,52.871700286865234,3.0194926261901855,1.3626575469970703,4.382171630859375,684.5921020507812,0.41352927684783936
4.916518688201904,25.34000015258789,29.719999313354492,13.0,1.3599655628204346,0.0026007371488958597,10.0,1.0002597570419312,1.0002597570419312,1.0002597570419312,0.008475618436932564,0.00027469880296848714,0.9427531957626343,42000.0,-0.0026048554573208094,-0.00017122854478657246,-0.026683777570724487,1.4499348402023315,-1.4500828981399536,1.6103655099868774,4.866218566894531,-2.2789626121520996,14.120573997497559,57.45397186279297,3.28989577293396,1.2867116928100586,4.576632499694824,655.5038452148438,0.43468791246414185
6.624516010284424,25.6299991607666,32.849998474121094,14.0,1.348193645477295,0.00480299349874258,10.0,1.0015912055969238,1.0015912055969238,1.0015912055969238,0.010544361546635628,0.0002728915715124458,0.931713879108429,45000.0,-0.0022537100594490767,0.0003511453978717327,0.2347378432750702,2.054502010345459,0.6045671701431274,1.781808614730835,6.122026443481445,1.255807876586914,14.577568054199219,61.85197830200195,3.101118326187134,1.291102409362793,4.392242431640625,683.0224609375,0.4540373682975769
6.392562389373779,25.760000228881836,32.959999084472656,15.0,1.3445663452148438,0.003578497562557459,10.0,1.0011142492294312,1.0011142492294312,1.0011142492294312,0.010254794731736183,0.00027108434005640447,0.9283611178398132,48000.0,-0.0006088548107072711,0.0016448552487418056,0.03464406356215477,2.477827787399292,0.423325777053833,2.0236594676971436,8.948592185974121,2.826565742492676,14.415251731872559,66.28106689453125,3.1289665699005127,1.2937266826629639,4.422715187072754,678.31640625,0.471817284822464
5.129478931427002,24.489999771118164,29.6200008392334,16.0,1.3406645059585571,0.001740074367262423,10.0,0.9990583062171936,0.9990583062171936,0.9990583062171936,0.007340078707784414,0.00026927710860036314,0.9247578978538513,51000.0,-0.0017734867287799716,-0.0011646319180727005,-0.10812531411647797,1.8607800006866455,-0.6170477867126465,1.622746229171753,4.590364933013916,-4.358227252960205,13.615015983581543,70.94129180908203,3.2881240844726562,1.3660380840301514,4.654187202453613,644.5809326171875,0.4877815842628479
5.853859901428223,24.15999984741211,29.950000762939453,17.0,1.3384286165237427,0.01172843761742115,5.0,1.004177212715149,1.004177212715149,1.004177212715149,0.017108986154198647,0.0002674698771443218,0.9226648807525635,54000.0,-0.00678673293441534,-0.005013246205635369,-0.16866114735603333,1.6227524280548096,-0.23802757263183594,1.514448881149292,4.912277698516846,0.3219127655029297,13.13226318359375,74.85809326171875,3.2651281356811523,0.6460452079772949,3.9111998081207275,767.0281372070312,0.5020009279251099
7.1399617195129395,25.100000381469727,32.88999938964844,18.0,1.332474946975708,0.0024743624962866306,10.0,1.0007197856903076,1.0007197856903076,1.0007197856903076,0.008504323661327362,0.00026566264568828046,0.9171802997589111,57000.0,-0.0014182878658175468,0.005368445068597794,0.09014026075601578,2.4722793102264404,0.8495268821716309,2.180464267730713,6.472075939178467,1.559798240661621,13.893789291381836,79.28732299804688,3.1328952312469482,1.2907946109771729,4.423711776733398,678.1636352539062,0.5149573087692261
8.165201187133789,26.479999542236328,34.540000915527344,19.0,1.3230425119400024,0.0046801320277154446,10.0,0.9989137649536133,0.9989137649536133,0.9989137649536133,0.011499667540192604,0.00026385541423223913,0.908565104007721,60000.0,-0.0033778890501707792,-0.0019596011843532324,0.08672144263982773,2.938117265701294,0.4658379554748535,2.6300265789031982,6.9524922370910645,0.48041629791259766,14.389021873474121,83.60838317871094,3.033106803894043,1.2816705703735352,4.3147993087768555,695.2815551757812,0.5272327661514282
7.262002944946289,23.389999389648438,32.849998474121094,20.0,1.312395453453064,0.010010228492319584,10.0,0.9985516667366028,0.9985516667366028,0.9985516667366028,0.016890324652194977,0.0002620481827761978,0.8989621996879578,63000.0,-0.012503787875175476,-0.009125898825004697,0.25000858306884766,3.3017380237579346,0.3636207580566406,2.845284938812256,5.244894504547119,-1.7075977325439453,13.93220043182373,88.09510040283203,3.1287338733673096,1.3518178462982178,4.480574607849121,669.5570068359375,0.5378497838973999
8.142909049987793,22.790000915527344,33.63999938964844,21.0,1.305253028869629,0.005661132745444775,10.0,1.001042127609253,1.001042127609253,1.001042127609253,0.012140218168497086,0.00026024095132015646,0.8925738334655762,66000.0,-0.0055409385822713375,0.0069628492929041386,0.04753730073571205,2.818253755569458,-0.48348426818847656,2.795128345489502,4.814198970794678,-0.4306955337524414,13.78652572631836,92.57428741455078,3.1777682304382324,1.2949531078338623,4.472749710083008,670.7283935546875,0.5467467308044434
9.412420272827148,25.350000381469727,36.88999938964844,22.0,1.299515724182129,0.002369357505813241,10.0,0.9991112947463989,0.9991112947463989,0.9991112947463989,0.009573140181601048,0.0002584337489679456,0.8874445557594299,69000.0,-0.0013172809267416596,0.004223657655529678,0.09892258793115616,3.48860502243042,0.6703512668609619,3.7032008171081543,5.918995380401611,1.1047964096069336,14.4052734375,96.79818725585938,2.925840377807617,1.291849136352539,4.217711448669434,711.2863159179688,0.5549688339233398
10.227828025817871,26.079999923706055,39.13999938964844,23.0,1.2938718795776367,0.01700381189584732,4.0,1.0010331869125366,1.0010331869125366,1.0010331869125366,0.025357132777571678,0.00025662651751190424,0.8824442625045776,72000.0,-0.007358510512858629,-0.00604122958611697,0.11086026579141617,3.56060791015625,0.07200288772583008,3.0474369525909424,12.4935302734375,6.574534893035889,13.450321197509766,100.29876708984375,2.9614410400390625,0.5335850715637207,3.495049476623535,858.3569946289062,0.5628347396850586
8.789807319641113,25.1200008392334,35.66999816894531,24.0,1.2900428771972656,0.022473903372883797,2.0,1.0061880350112915,1.0061880350112915,1.0061880350112915,0.028854090720415115,0.0002548192860558629,0.8790770173072815,75000.0,-0.010940411128103733,-0.003581900615245104,-0.02782054804265499,3.058988094329834,-0.501619815826416,3.5094001293182373,17.18976402282715,4.696233749389648,14.306647300720215,103.619873046875,3.053180694580078,0.2619919776916504,3.3151943683624268,904.9243774414062,0.5700424313545227
9.222794532775879,25.280000686645508,36.849998474121094,25.0,1.2865049839019775,0.004383318591862917,10.0,0.9992683529853821,0.9992683529853821,0.9992683529853821,0.011366991326212883,0.00025301205459982157,0.8760039210319519,78000.0,-0.0024304334074258804,0.008509977720677853,-0.08009751886129379,3.8176310062408447,0.7586429119110107,3.8960626125335693,13.153722763061523,-4.036041259765625,14.390510559082031,107.97396850585938,2.9718096256256104,1.3764317035675049,4.348262786865234,689.9307861328125,0.5767093300819397
11.056295394897461,28.760000228881836,40.650001525878906,26.0,1.285584807395935,0.003616062458604574,10.0,0.9984485507011414,0.9984485507011414,0.9984485507011414,0.00987243838608265,0.00025120482314378023,0.8752376437187195,81000.0,-0.0013456157175824046,0.0010848176898434758,-0.05161061882972717,4.575329303741455,0.7576982975006104,4.603335380554199,10.485052108764648,-2.668670654296875,16.356632232666016,112.14932250976562,2.8596489429473877,1.3097240924835205,4.169395923614502,719.5287475585938,0.5841342210769653
12.673300743103027,27.979999542236328,42.29999923706055,27.0,1.2848469018936157,0.01599944569170475,4.0,1.0011568069458008,1.0011568069458008,1.0011568069458008,0.017762452363967896,0.0002493975916877389,0.8746370077133179,84000.0,-0.006600513122975826,-0.005254897405393422,-0.07591063529253006,6.57400369644165,1.9986743927001953,6.011148929595947,12.296550750732422,1.8114986419677734,16.43476104736328,115.46928405761719,2.8013150691986084,0.5122940540313721,3.3136332035064697,905.3507690429688,0.591982901096344
10.710724830627441,22.360000610351562,37.34000015258789,28.0,1.2779067754745483,0.005267129745334387,10.0,0.9980981349945068,0.9980981349945068,0.9980981349945068,0.014014403335750103,0.00024759036023169756,0.8686109185218811,87000.0,-0.005981153808534145,0.0006193593144416809,-0.12675641477108002,6.5040788650512695,-0.06992483139038086,5.432383060455322,4.9561662673950195,-7.340384483337402,13.729961395263672,119.80245208740234,3.020163059234619,1.307093858718872,4.327279090881348,693.2763061523438,0.5981448292732239
12.662829399108887,21.790000915527344,41.5099983215332,29.0,1.2697784900665283,0.00499685388058424,10.0,0.9982278943061829,0.9982278943061829,0.9982278943061829,0.013124475255608559,0.0002457831287756562,0.8615254759788513,90000.0,-0.004143310245126486,0.0018378435634076595,0.3158513903617859,8.414280891418457,1.9102020263671875,7.108794689178467,9.779275894165039,4.8231096267700195,14.280177116394043,123.8731689453125,2.7064549922943115,1.3585317134857178,4.065008163452148,738.0059814453125,0.6025441884994507
11.881182670593262,22.889999389648438,41.0099983215332,30.0,1.2663936614990234,0.009629905223846436,8.0,0.9981713891029358,0.9981713891029358,0.9981713891029358,0.015337605029344559,0.0002439758973196149,0.8585875630378723,93000.0,-0.005578712094575167,-0.0014354018494486809,0.038251034915447235,6.782631874084473,-1.6316490173339844,5.83745813369751,6.808492660522461,-2.970783233642578,12.962868690490723,127.80147552490234,2.896775484085083,1.0255534648895264,3.922351360321045,764.847412109375,0.6057482957839966
14.824760437011719,21.6200008392334,44.63999938964844,31.0,1.2604621648788452,0.002936395350843668,10.0,1.0001842975616455,1.0001842975616455,1.0001842975616455,0.010023592039942741,0.00024216868041548878,0.8535164594650269,96000.0,-0.003615627996623516,0.0019630840979516506,-0.046969879418611526,9.854619979858398,3.071988105773926,7.60835075378418,3.429272174835205,-3.379220485687256,13.091472625732422,131.83078002929688,2.7394182682037354,1.283884048461914,4.023324489593506,745.6520385742188,0.6073654294013977
16.368364334106445,22.93000030517578,48.630001068115234,32.0,1.253851056098938,0.012672679498791695,2.0,1.000757098197937,1.000757098197937,1.000757098197937,0.016129255294799805,0.00024036144895944744,0.847892165184021,99000.0,0.003368309000506997,0.006983936997130513,-0.21233002841472626,8.55534839630127,-1.299271583557129,6.518850326538086,14.675332069396973,11.246059894561768,12.483734130859375,134.7534942626953,2.6563193798065186,0.25992369651794434,2.9162707328796387,1028.7113037109375,0.6080346703529358
14.234729766845703,19.290000915527344,42.81999969482422,33.0,1.2474056482315063,0.010461650788784027,10.0,0.9961937665939331,0.9961937665939331,0.9961937665939331,0.017968082800507545,0.0002385542175034061,0.8424298167228699,102000.0,-0.008620938286185265,-0.011989247286692262,0.18755783140659332,7.753793239593506,-0.8015551567077637,7.905338764190674,3.9684314727783203,-10.706900596618652,12.529685974121094,138.85784912109375,2.7380149364471436,1.3604400157928467,4.098477363586426,731.979248046875,0.6064126491546631
20.07794189453125,20.09000015258789,53.529998779296875,34.0,1.2420519590377808,0.013380993157625198,8.0,0.9974365234375,0.9974365234375,0.9974365234375,0.017627429217100143,0.00023674698604736477,0.8379408121109009,105000.0,-0.009763180278241634,-0.0011422419920563698,-0.11257573217153549,6.8087873458862305,-0.9450058937072754,9.853426933288574,4.361656665802002,0.39322519302368164,12.510050773620605,142.3695068359375,2.472604751586914,1.0327599048614502,3.505401849746704,855.8222045898438,0.603010892868042
24.016761779785156,20.75,61.15999984741211,35.0,1.2346361875534058,0.007160463370382786,10.0,0.9999037981033325,0.9999037981033325,0.9999037981033325,0.01403818093240261,0.00023493975459132344,0.831785261631012,108000.0,-0.004160075914114714,0.005603104364126921,0.10878197103738785,8.737987518310547,1.9292001724243164,11.226021766662598,7.875516414642334,3.513859748840332,10.913313865661621,146.18017578125,2.511950969696045,1.2909224033355713,3.8028995990753174,788.8717651367188,0.598237156867981
34.00968933105469,21.5,76.69000244140625,36.0,1.229042410850525,0.018836086615920067,3.0,1.0017056465148926,1.0017056465148926,1.0017056465148926,0.019835742190480232,0.0002331325231352821,0.8272074460983276,111000.0,-0.00226379232481122,0.0018962835893034935,0.3594132363796234,13.906716346740723,5.168728828430176,18.231521606445312,8.669504165649414,0.7939877510070801,10.63074016571045,148.66371154785156,2.085278034210205,0.3918297290802002,2.4771320819854736,1211.0780029296875,0.5924981832504272
43.70710372924805,24.709999084472656,93.8499984741211,37.0,1.2246249914169312,0.04212864860892296,1.0,0.9966841340065002,0.9966841340065002,0.9966841340065002,0.02390402927994728,0.000231325306231156,0.8236110806465149,114000.0,-0.009830085560679436,-0.0075662932358682156,-0.03568297624588013,19.25942611694336,5.352709770202637,17.562328338623047,15.512978553771973,6.843474388122559,10.898077011108398,150.8988494873047,2.0980772972106934,0.13089656829833984,2.2289955615997314,1345.8978271484375,0.5871558785438538
52.425968170166016,25.770000457763672,107.58999633789062,38.0,1.2234983444213867,0.011273500509560108,7.0,1.0015653371810913,1.0015653371810913,1.0015653371810913,0.01562998816370964,0.00022951807477511466,0.8226996660232544,117000.0,-0.00542954308912158,0.004400542471557856,0.20148532092571259,9.669588088989258,-9.589838027954102,24.023468017578125,4.431466102600098,-11.081512451171875,10.53858757019043,153.86668395996094,2.039537191390991,0.9221196174621582,2.961677074432373,1012.939697265625,0.582608699798584
64.53931427001953,24.1200008392334,123.97000122070312,39.0,1.2193037271499634,0.008422971703112125,10.0,0.9957684874534607,0.9957684874534607,0.9957684874534607,0.014268788509070873,0.00022771084331907332,0.8192676901817322,120000.0,-0.0045110308565199375,0.0009185122326016426,-0.03500134125351906,5.355418682098389,-4.314169406890869,29.786062240600586,3.4888453483581543,-0.9426207542419434,9.55455207824707,157.30140686035156,2.055577516555786,1.3727617263793945,3.428361415863037,875.0537719726562,0.5781059861183167
75.19206237792969,23.25,137.0500030517578,40.0,1.2135647535324097,0.008898716419935226,9.0,1.0008598566055298,1.0008598566055298,1.0008598566055298,0.0217855554074049,0.00022590361186303198,0.8144938945770264,123000.0,-0.00500973965972662,-0.0004987088032066822,-0.25902578234672546,5.26540470123291,-0.09001398086547852,37.26693344116211,3.7448699474334717,0.2560245990753174,8.209285736083984,160.43666076660156,1.9658429622650146,1.163090467453003,3.1289563179016113,958.7862548828125,0.5732778906822205
79.46273040771484,26.479999542236328,144.1999969482422,41.0,1.2111014127731323,0.09413542598485947,1.0,0.9927417635917664,0.9927417635917664,0.9927417635917664,0.026324616745114326,0.00022409638040699065,0.8124645948410034,126000.0,-0.015200180001556873,-0.010190440341830254,-0.2077222764492035,20.90911865234375,15.64371395111084,33.137176513671875,15.529121398925781,11.78425145149231,9.678953170776367,162.57806396484375,2.0038650035858154,0.13187909126281738,2.135770797729492,1404.645263671875,0.5695126056671143
85.28225708007812,22.040000915527344,148.57000732421875,42.0,1.2046880722045898,0.010850239545106888,9.0,0.9986576437950134,0.9986576437950134,0.9986576437950134,0.01772407628595829,0.00022228916350286454,0.8073630928993225,129000.0,-0.005604925565421581,0.009595254436135292,-0.03913532942533493,5.09320068359375,-15.81591796875,44.25847244262695,1.8898824453353882,-13.639238953590393,6.582904815673828,165.70748901367188,1.9618020057678223,1.1608366966247559,3.1226603984832764,960.7194213867188,0.5648282170295715
100.16573333740234,20.3799991607666,166.0500030517578,43.0,1.1883544921875,0.0061617521569132805,10.0,0.9979010820388794,0.9979010820388794,0.9979010820388794,0.012638034299015999,0.0002204819320468232,0.7942999005317688,132000.0,-0.006444012746214867,-0.0008390871807932854,0.04939047619700432,2.425956964492798,-2.667243719100952,49.688167572021484,0.6477575302124023,-1.2421249151229858,4.150816917419434,168.9609832763672,1.885948657989502,1.3611018657684326,3.2470762729644775,923.908203125,0.558596134185791
112.08584594726562,19.440000534057617,180.74000549316406,44.0,1.1691079139709473,0.0018302903044968843,10.0,1.0011447668075562,1.0011447668075562,1.0011447668075562,0.007698747795075178,0.00021867470059078187,0.7791554927825928,135000.0,-0.0013557621277868748,0.005088250618427992,-0.08029755204916,2.1744484901428223,-0.2515084743499756,53.30419921875,0.7882876396179199,0.14053010940551758,3.5849549770355225,172.13111877441406,1.8779377937316895,1.2859318256378174,3.1638922691345215,948.1992797851562,0.5505545139312744
122.53385925292969,17.270000457763672,192.33999633789062,45.0,1.158572793006897,0.00924575887620449,7.0,1.0016499757766724,1.0016499757766724,1.0016499757766724,0.0169768538326025,0.00021686746913474053,0.7709698677062988,138000.0,-0.006436892319470644,-0.005081130191683769,-0.014189084991812706,2.5698108673095703,0.39536237716674805,56.43525695800781,0.8453215956687927,0.0570339560508728,3.106677293777466,174.94529724121094,1.8988995552062988,0.9096052646636963,2.808530807495117,1068.1741943359375,0.5399726629257202
133.82884216308594,16.729999542236328,206.3699951171875,46.0,1.1441010236740112,0.002085484331473708,10.0,1.000393033027649,1.000393033027649,1.000393033027649,0.007507696282118559,0.0002150602376786992,0.7598557472229004,141000.0,-0.0012407960603013635,0.0051960962591692805,-0.08485116064548492,1.8834046125411987,-0.6864062547683716,58.79714584350586,0.9841127991676331,0.13879120349884033,2.9666149616241455,178.11302185058594,1.873692512512207,1.2862272262573242,3.1599419116973877,949.3845825195312,0.5268874764442444
150.37307739257812,15.920000076293945,227.67999267578125,47.0,1.1255077123641968,0.0033145968336611986,10.0,1.0001558065414429,1.0001558065414429,1.0001558065414429,0.00887970719486475,0.00021325300622265786,0.7458485960960388,144000.0,-0.0017209331272169948,-0.0004801370669156313,-0.03282710164785385,1.2321168184280396,-0.6512877941131592,61.4109001159668,0.6331577301025391,-0.350955069065094,2.5179970264434814,181.3915557861328,1.91036057472229,1.3623454570770264,3.2727298736572266,916.6660766601562,0.5112398266792297
156.28231811523438,14.489999771118164,233.02999877929688,48.0,1.116329550743103,0.015962863340973854,3.0,0.9972525238990784,0.9972525238990784,0.9972525238990784,0.016117198392748833,0.00021144578931853175,0.7390024065971375,147000.0,-0.009553307667374611,-0.007832374540157616,0.1094023585319519,2.2819478511810303,1.0498310327529907,62.97597885131836,1.1529157161712646,0.5197579860687256,2.0287272930145264,183.67037963867188,1.8854024410247803,0.38770532608032227,2.27312970161438,1319.7664794921875,0.4927692115306854
165.24440002441406,10.859999656677246,241.5,49.0,1.0983768701553345,0.0029988382011651993,10.0,1.00120210647583,1.00120210647583,1.00120210647583,0.009056485258042812,0.00020963855786249042,0.7258511781692505,150000.0,-0.0016313972882926464,0.007921910379081964,0.12820430099964142,1.0236014127731323,-1.258346438407898,65.76046752929688,0.42260491847991943,-0.7303107976913452,1.492559552192688,186.8333740234375,1.8724803924560547,1.284667730331421,3.157170057296753,950.2181396484375,0.47055482864379883
178.3145294189453,9.699999809265137,255.35000610351562,50.0,1.0858852863311768,0.01544975209981203,3.0,1.0018620491027832,1.0018620491027832,1.0018620491027832,0.019839193671941757,0.00020783132640644908,0.7168129682540894,153000.0,-0.008969015441834927,-0.00733761815354228,-0.16048279404640198,1.5526355504989624,0.5290341377258301,65.80757904052734,3.4506285190582275,3.028023600578308,1.509711742401123,189.12338256835938,1.8944413661956787,0.38997530937194824,2.284438371658325,1313.233154296875,0.4447615146636963
185.79344177246094,10.0,263.7300109863281,51.0,1.0743860006332397,0.015180522575974464,4.0,1.0004090070724487,1.0004090070724487,1.0004090070724487,0.022376012057065964,0.00020602409495040774,0.7086319327354431,156000.0,-0.004016503691673279,0.004952511750161648,-0.011218282394111156,1.1217950582504272,-0.43084049224853516,67.86848449707031,0.8211042284965515,-2.629524290561676,1.4971319437026978,191.51992797851562,1.8751835823059082,0.515282154083252,2.390488386154175,1254.9737548828125,0.41599830985069275
195.0794677734375,10.170000076293945,274.8599853515625,52.0,1.0543550252914429,0.0018450531642884016,10.0,0.9995584487915039,0.9995584487915039,0.9995584487915039,0.006931890267878771,0.0002042168634943664,0.6945895552635193,159000.0,-0.0009428013581782579,0.003073702333495021,-0.11196865141391754,0.8636932373046875,-0.25810182094573975,69.44469451904297,0.6016265153884888,-0.21947771310806274,1.0152486562728882,194.7494354248047,1.868157148361206,1.354961633682251,3.2231407165527344,930.7692260742188,0.38473695516586304
202.3140106201172,11.899999618530273,283.3599853515625,53.0,1.036971092224121,0.00269768456928432,10.0,1.000591516494751,1.000591516494751,1.000591516494751,0.008350438438355923,0.00020240963203832507,0.682595431804657,162000.0,-0.0013604310806840658,-0.0004176297225058079,0.05264866724610329,0.9767258167266846,0.11303257942199707,69.36144256591797,0.6648125052452087,0.06318598985671997,1.6258127689361572,197.90330505371094,1.8689780235290527,1.2787284851074219,3.1477293968200684,953.0679931640625,0.3518156409263611
203.9283447265625,12.460000038146973,283.3599853515625,54.0,1.0040638446807861,0.003999209031462669,10.0,0.9999440312385559,0.9999440312385559,0.9999440312385559,0.01017452497035265,0.00020060241513419896,0.6605468392372131,165000.0,-0.0032553437631577253,-0.0018949126824736595,-0.20082129538059235,0.7135800719261169,-0.2631457448005676,72.74103546142578,0.36722666025161743,-0.2975858449935913,0.8319231867790222,201.07009887695312,1.8723468780517578,1.2886967658996582,3.1610686779022217,949.0462036132812,0.3176121711730957
209.3914031982422,13.329999923706055,289.0,55.0,0.9741975665092468,0.004602896980941296,10.0,1.0000487565994263,1.0000487565994263,1.0000487565994263,0.010893570259213448,0.00019879518367815763,0.6410720944404602,168000.0,-0.0034537315368652344,-0.00019838777370750904,0.001542521407827735,0.6913596391677856,-0.0222204327583313,71.85733795166016,1.1749988794326782,0.8077722191810608,1.4464279413223267,204.22561645507812,1.8681869506835938,1.281214952468872,3.149423122406006,952.5554809570312,0.2825435698032379
211.3884735107422,13.390000343322754,289.0,56.0,0.9380013942718506,0.005371303763240576,10.0,0.9978340864181519,0.9978340864181519,0.9978340864181519,0.012121795676648617,0.0001969879522221163,0.6182695627212524,171000.0,-0.005301636178046465,-0.0018479046411812305,0.26998648047447205,0.6559762358665466,-0.035383403301239014,74.37925720214844,0.5228852033615112,-0.652113676071167,0.8498961329460144,207.44679260253906,1.865985631942749,1.349165916442871,3.215172529220581,933.0759887695312,0.24673551321029663
213.37164306640625,13.479999542236328,289.0,57.0,0.9115584492683411,0.017007365822792053,5.0,1.0057659149169922,1.0057659149169922,1.0057659149169922,0.05852232128381729,0.00019518072076607496,0.6021040081977844,174000.0,-0.00951986014842987,-0.004218223970383406,-0.026389215141534805,0.7601756453514099,0.10419940948486328,73.70414733886719,0.39639797806739807,-0.12648722529411316,0.9048479199409485,209.9786834716797,1.8792140483856201,0.6463198661804199,2.525555372238159,1187.857666015625,0.21030744910240173
219.04922485351562,13.390000343322754,294.510009765625,58.0,0.8760242462158203,0.004253156017512083,10.0,0.9998832941055298,0.9998832941055298,0.9998832941055298,0.010692284442484379,0.00019337348931003362,0.5811407566070557,177000.0,-0.0038921975065022707,0.0056276626419276,0.4337172508239746,0.6015979647636414,-0.15857768058776855,75.1949462890625,0.6111794710159302,0.2147814929485321,0.6575993299484253,213.14732360839844,1.8804099559783936,1.281935453414917,3.1623663902282715,948.6567993164062,0.17331208288669586
220.46060180664062,13.949999809265137,294.510009765625,59.0,0.8487569689750671,0.011717180721461773,5.0,1.0006916522979736,1.0006916522979736,1.0006916522979736,0.015719352290034294,0.00019156625785399228,0.5654852390289307,180000.0,-0.004896368831396103,-0.0010041713248938322,-0.050880078226327896,0.6355643272399902,0.03396636247634888,76.60218811035156,0.5385420322418213,-0.07263743877410889,0.6647008657455444,215.6688995361328,1.873201847076416,0.6421198844909668,2.5153448581695557,1192.6795654296875,0.13598638772964478
225.9012451171875,14.369999885559082,300.0,60.0,0.8231563568115234,0.010350716300308704,10.0,0.998974084854126,0.998974084854126,0.998974084854126,0.017827428877353668,0.00018975904094986618,0.5511865615844727,183000.0,-0.005728881806135178,-0.0008325129747390747,0.12240474671125412,0.588354766368866,-0.04720956087112427,77.17195892333984,1.0789185762405396,0.5403765439987183,0.9076105952262878,218.90219116210938,1.869933843612671,1.3572447299957275,3.227201223373413,929.59814453125,0.0984984040260315
227.70742797851562,15.029999732971191,300.0,61.0,0.7915127873420715,0.004772942513227463,10.0,1.000186800956726,1.000186800956726,1.000186800956726,0.011786566115915775,0.00018795180949382484,0.534005880355835,186000.0,-0.004929452668875456,0.0007994291372597218,0.06677492707967758,0.5554260611534119,-0.0329287052154541,77.65089416503906,0.47626861929893494,-0.6026499569416046,1.5763107538223267,222.09976196289062,1.8738291263580322,1.3177580833435059,3.1916139125823975,939.96337890625,0.061069924384355545
229.45863342285156,15.649999618530273,300.0,62.0,0.7728473544120789,0.012021677568554878,2.0,1.0021547079086304,1.0021547079086304,1.0021547079086304,0.015735715627670288,0.0001861445780377835,0.5241037607192993,189000.0,-0.003944486379623413,0.0009849662892520428,0.03021819330751896,0.5906721353530884,0.035246074199676514,78.81787872314453,1.1914819478988647,0.7152133285999298,1.3085124492645264,224.26641845703125,1.8928325176239014,0.2678670883178711,2.160726547241211,1388.422119140625,0.02388804778456688
232.1580047607422,13.800000190734863,300.0,63.0,0.7450924515724182,0.007068797945976257,10.0,1.0023659467697144,1.0023659467697144,1.0023659467697144,0.013903498649597168,0.00018433734658174217,0.5097942352294922,192000.0,-0.005925371777266264,-0.001980885397642851,0.17904183268547058,0.5318964719772339,-0.05877566337585449,79.96513366699219,0.5131195187568665,-0.6783624291419983,0.9477189779281616,227.44569396972656,1.877488613128662,1.2959372997283936,3.173452854156494,945.3427734375,0.0
232.5464324951172,15.390000343322754,300.0,64.0,0.7091799974441528,0.007883568294346333,10.0,0.9984370470046997,0.9984370470046997,0.9984370470046997,0.012731603346765041,0.00018253011512570083,0.4917990267276764,195000.0,-0.0050796023570001125,0.0008457694202661514,0.012696804478764534,0.4853047728538513,-0.04659169912338257,79.6419677734375,1.4769506454467773,0.9638311266899109,1.9321258068084717,230.69642639160156,1.8861467838287354,1.3560547828674316,3.242225408554077,925.2904663085938,0.0
233.88958740234375,16.34000015258789,300.0,65.0,0.6860650181770325,0.010970870032906532,4.0,1.0015583038330078,1.0015583038330078,1.0015583038330078,0.017980219796299934,0.00018072289822157472,0.48054221272468567,198000.0,-0.006431918125599623,-0.0013523157685995102,0.03161047026515007,0.5131692290306091,0.027864456176757812,80.20564270019531,0.9971209764480591,-0.47982966899871826,1.7589830160140991,233.09632873535156,1.8747954368591309,0.5194714069366455,2.394293785095215,1252.979248046875,0.0
235.1885528564453,17.360000610351562,300.0,66.0,0.6543010473251343,0.00446630734950304,10.0,0.9995400905609131,0.9995400905609131,0.9995400905609131,0.011916526593267918,0.0001789156667655334,0.4655538499355316,201000.0,-0.004295834805816412,0.0021360833197832108,-0.018290748819708824,0.4341354966163635,-0.0790337324142456,81.3261947631836,1.357800006866455,0.360679030418396,1.929455280303955,236.25613403320312,1.8688502311706543,1.2846934795379639,3.1535651683807373,951.3043212890625,0.0
237.0533447265625,17.510000228881836,300.0,67.0,0.6232327818870544,0.013478616252541542,7.0,1.0019208192825317,1.0019208192825317,1.0019208192825317,0.01843247562646866,0.00017710843530949205,0.45130953192710876,204000.0,-0.004511407110840082,-0.0002155723050236702,-0.14605484902858734,0.4352070093154907,0.0010715126991271973,83.09078979492188,0.5979710817337036,-0.7598289251327515,0.709517240524292,239.08023071289062,1.8708646297454834,0.9473669528961182,2.8182594776153564,1064.4869384765625,0.0
238.57305908203125,17.690000534057617,300.0,68.0,0.591251790523529,0.009750817902386189,10.0,1.0014315843582153,1.0014315843582153,1.0014315843582153,0.01762562431395054,0.00017530120385345072,0.43710625171661377,207000.0,-0.005019613541662693,-0.0005082064308226109,-0.1399473249912262,0.42480045557022095,-0.010406553745269775,82.53490447998047,0.46004989743232727,-0.13792118430137634,0.48657870292663574,242.2505645751953,1.8800170421600342,1.284844160079956,3.1648848056793213,947.9019165039062,0.0
239.85488891601562,18.209999084472656,300.0,69.0,0.5659797787666321,0.014312932267785072,5.0,1.0006027221679688,1.0006027221679688,1.0006027221679688,0.02254253253340721,0.00017349397239740938,0.42617931962013245,210000.0,-0.010709566995501518,-0.005689953453838825,0.13320226967334747,0.4291795492172241,0.004379093647003174,83.2341537475586,0.9974496364593506,0.5373997390270233,0.7860056757926941,244.85623168945312,1.882096529006958,0.7177257537841797,2.599843978881836,1153.91552734375,0.0
241.10902404785156,17.709999084472656,300.0,70.0,0.5457397103309631,0.013014102354645729,4.0,0.996096670627594,0.996096670627594,0.996096670627594,0.0168727096170187,0.00017168674094136804,0.4176364541053772,213000.0,-0.004711799789220095,0.005997767206281424,-0.09101386368274689,0.426548033952713,-0.0026315152645111084,83.69889068603516,0.38488417863845825,-0.6125654578208923,1.4315921068191528,247.26698303222656,1.883254051208496,0.5216693878173828,2.404947280883789,1247.4287109375,0.0
242.84471130371094,17.149999618530273,300.0,71.0,0.5182016491889954,0.010321293026208878,8.0,1.0006262063980103,1.0006262063980103,1.0006262063980103,0.01640642248094082,0.00016987952403724194,0.40630272030830383,216000.0,-0.006582438945770264,-0.001870639156550169,0.11539445072412491,0.39367878437042236,-0.03286924958229065,84.3897476196289,0.3452642858028412,-0.039619892835617065,0.5885779857635498,250.1764678955078,1.8799324035644531,1.0237534046173096,2.9037139415740967,1033.159912109375,0.0
245.06423950195312,15.850000381469727,300.0,72.0,0.48721879720687866,0.00846809335052967,9.0,1.0023894309997559,1.0023894309997559,1.0023894309997559,0.01478569395840168,0.0001680722925812006,0.39389708638191223,219000.0,-0.004721715115010738,0.0018607238307595253,-0.1172892227768898,0.38109084963798523,-0.012587934732437134,85.99857330322266,0.2938973605632782,-0.05136692523956299,0.30723467469215393,253.2747344970703,1.9202995300292969,1.1723577976226807,3.092684030532837,970.0313720703125,0.0
246.3630828857422,16.219999313354492,300.0,73.0,0.4573388397693634,0.01047495473176241,10.0,0.9985626935958862,0.9985626935958862,0.9985626935958862,0.016803430393338203,0.00016626506112515926,0.38229745626449585,222000.0,-0.0054140049032866955,-0.0006922897882759571,0.14141902327537537,0.3703632354736328,-0.010727614164352417,86.36600494384766,0.3052999675273895,0.011402606964111328,0.983701229095459,256.5050964355469,1.8731169700622559,1.351586103439331,3.2247250080108643,930.31201171875,0.0
248.63214111328125,14.640000343322754,300.0,74.0,0.43452152609825134,0.013383902609348297,4.0,1.0013200044631958,1.0013200044631958,1.0013200044631958,0.017333803698420525,0.00016445782966911793,0.37366291880607605,225000.0,-0.008493083529174328,-0.0030790786258876324,0.16328175365924835,0.36457177996635437,-0.005791455507278442,86.39038848876953,1.279270887374878,0.9739709198474884,0.3296471834182739,258.91912841796875,1.8939392566680908,0.514235258102417,2.408196449279785,1245.7457275390625,0.0
251.2108154296875,12.960000038146973,300.0,75.0,0.41402775049209595,0.01232082862406969,5.0,0.9962829947471619,0.9962829947471619,0.9962829947471619,0.02050359547138214,0.0001626505982130766,0.3660845458507538,228000.0,-0.005588149186223745,0.0029049343429505825,-0.054451435804367065,0.3586381673812866,-0.005933612585067749,87.4046859741211,0.5423293709754944,-0.7369415163993835,0.4747266173362732,261.4468688964844,1.8778150081634521,0.6442916393280029,2.5221283435821533,1189.4716796875,0.0
253.10867309570312,11.579999923706055,300.0,76.0,0.38765615224838257,0.011840195395052433,7.0,1.001043677330017,1.001043677330017,1.001043677330017,0.01848120614886284,0.00016084336675703526,0.3565666675567627,231000.0,-0.00655138585716486,-0.0009632366709411144,-0.08592241257429123,0.3396395742893219,-0.01899859309196472,88.1092529296875,0.3061167597770691,-0.2362126111984253,0.4410301446914673,264.28656005859375,1.9013688564300537,0.932483434677124,2.833875894546509,1058.6209716796875,0.0
253.5209503173828,12.0600004196167,300.0,77.0,0.36566126346588135,0.014921905472874641,4.0,1.0016191005706787,1.0016191005706787,1.0016191005706787,0.021449623629450798,0.00015903614985290915,0.3488065004348755,234000.0,-0.0047364369966089725,0.0018149488605558872,0.08003731817007065,0.3449285924434662,0.005289018154144287,87.04357147216797,0.3698633015155792,0.06374654173851013,0.7093542218208313,266.69659423828125,1.8835313320159912,0.5207293033599854,2.404287576675415,1247.7711181640625,0.0
255.0763702392578,11.210000038146973,300.0,78.0,0.3362138867378235,0.009290357120335102,10.0,1.000160813331604,1.000160813331604,1.000160813331604,0.01665739342570305,0.0001572289183968678,0.33869948983192444,237000.0,-0.007209466304630041,-0.0024730293080210686,-0.15595921874046326,0.3391149044036865,-0.005813688039779663,88.37821960449219,0.290365070104599,-0.07949823141098022,0.10050062835216522,269.87811279296875,1.8803770542144775,1.2953884601593018,3.1757912635803223,944.6465454101562,0.0
256.473388671875,10.1899995803833,300.0,79.0,0.303630530834198,0.007118637673556805,10.0,1.0004823207855225,1.0004823207855225,1.0004823207855225,0.013391541317105293,0.00015542168694082648,0.3278338313102722,240000.0,-0.0036867603193968534,0.0035227059852331877,0.1817903220653534,0.3207646608352661,-0.01835024356842041,88.54086303710938,0.27250993251800537,-0.017855137586593628,0.19593945145606995,273.1282958984375,1.8799490928649902,1.3642752170562744,3.2442455291748047,924.7142944335938,0.0
257.9477844238281,9.859999656677246,300.0,80.0,0.2805878520011902,0.01576511561870575,5.0,0.9985336065292358,0.9985336065292358,0.9985336065292358,0.020153779536485672,0.00015361445548478514,0.32035312056541443,243000.0,-0.007708196062594652,-0.004021435743197799,0.06111995503306389,0.32272544503211975,0.0019607841968536377,88.74356079101562,0.2716556489467621,-0.0008542835712432861,0.7607836723327637,275.6585998535156,1.878828525543213,0.6452045440673828,2.524056911468506,1188.5628662109375,0.0
258.3457336425781,10.779999732971191,300.0,81.0,0.26600784063339233,0.029046302661299706,3.0,0.9975748062133789,0.9975748062133789,0.9975748062133789,0.021353574469685555,0.0001518072240287438,0.3157118260860443,246000.0,-0.0014851982705295086,0.006222997792065144,-0.06764700263738632,0.32423222064971924,0.0015067756175994873,88.4228515625,0.688180148601532,0.4165244996547699,0.9024350643157959,277.9618225097656,1.8794074058532715,0.4174997806549072,2.2969343662261963,1306.0889892578125,0.0
258.8601989746094,11.3100004196167,300.0,82.0,0.24387021362781525,0.0128436628729105,10.0,1.001989722251892,1.001989722251892,1.001989722251892,0.019410930573940277,0.0001500000071246177,0.30881384015083313,249000.0,-0.009012592025101185,-0.007527393754571676,-0.11869307607412338,0.31617599725723267,-0.008056223392486572,90.04338836669922,0.28838250041007996,-0.399797648191452,0.5031276941299438,281.1431579589844,1.887463092803955,1.2877120971679688,3.175197124481201,944.8233032226562,0.0
259.7151184082031,10.600000381469727,300.0,83.0,0.2237911969423294,0.012671013362705708,3.0,0.9985278248786926,0.9985278248786926,0.9985278248786926,0.015147056430578232,0.00014819277566857636,0.30266398191452026,252000.0,-0.00989888422191143,-0.0008862921968102455,-0.21742232143878937,0.3071734309196472,-0.00900256633758545,90.13370513916016,0.3820289969444275,0.09364649653434753,0.3827923536300659,283.4111328125,1.8741345405578613,0.38744258880615234,2.261598825454712,1326.495361328125,0.0
260.3534851074219,10.350000381469727,300.0,84.0,0.21132174134254456,0.01945924572646618,3.0,1.004635214805603,1.004635214805603,1.004635214805603,0.03394924849271774,0.00014638554421253502,0.2989119291305542,255000.0,-0.009730133228003979,0.00016875099390745163,-0.10976172983646393,0.31150102615356445,0.004327595233917236,90.52552032470703,0.27295446395874023,-0.10907453298568726,0.3846968710422516,285.6920166015625,1.8878405094146729,0.3864302635192871,2.2742974758148193,1319.0889892578125,0.0
260.6913146972656,10.600000381469727,300.0,85.0,0.1882590800523758,0.0068223923444747925,10.0,1.0001440048217773,1.0001440048217773,1.0001440048217773,0.012921365909278393,0.0001445783127564937,0.2921041250228882,258000.0,-0.0066811684519052505,0.003048964776098728,-0.1572846621274948,0.3032819330692291,-0.008219093084335327,90.45207214355469,0.27235493063926697,-0.0005995333194732666,0.8019444346427917,288.92333984375,1.8659923076629639,1.359229326248169,3.2252423763275146,930.1627197265625,0.0
260.9865417480469,10.869999885559082,300.0,86.0,0.1729135662317276,0.031549323350191116,2.0,1.0099397897720337,1.0099397897720337,1.0099397897720337,0.03419358283281326,0.00014277108130045235,0.28764721751213074,261000.0,-0.01877039112150669,-0.01208922266960144,0.09556034952402115,0.3064834773540497,0.0032015442848205566,90.7075424194336,0.2533257007598877,-0.019029229879379272,0.690737783908844,291.08856201171875,1.8934619426727295,0.2639436721801758,2.1574337482452393,1390.541259765625,0.0
262.1858215332031,10.050000190734863,300.0,87.0,0.14900855720043182,0.009766869246959686,10.0,0.9997570514678955,0.9997570514678955,0.9997570514678955,0.017680451273918152,0.00014096384984441102,0.280864953994751,264000.0,-0.006158607546240091,0.0126117835752666,0.012821121141314507,0.2962567210197449,-0.01022675633430481,91.17369079589844,0.25573936104774475,0.0024136602878570557,0.35381466150283813,294.30517578125,1.9015066623687744,1.3089978694915771,3.210526943206787,934.4260864257812,0.0
261.9461975097656,11.710000038146973,300.0,88.0,0.1318780779838562,0.0607142336666584,2.0,0.9982468485832214,0.9982468485832214,0.9982468485832214,0.03590569272637367,0.0001391566329402849,0.2760823965072632,267000.0,-0.0020502847619354725,0.004108322784304619,0.038413919508457184,0.30250439047813416,0.006247669458389282,90.61056518554688,0.355648934841156,0.09990957379341125,0.9281851649284363,296.4603576660156,1.8876290321350098,0.26110243797302246,2.1487538814544678,1396.158203125,0.0
262.6415710449219,11.899999618530273,300.0,89.0,0.12133951485157013,0.010322690941393375,5.0,1.0030527114868164,1.0030527114868164,1.0030527114868164,0.021659156307578087,0.00013734940148424357,0.27319008111953735,270000.0,-0.008971362374722958,-0.006921077612787485,0.009150420315563679,0.2859622836112976,-0.016542106866836548,91.53829193115234,0.24025803804397583,-0.11539089679718018,0.4713269770145416,298.99127197265625,1.8800668716430664,0.6447820663452148,2.524871349334717,1188.179443359375,0.0
262.9173583984375,12.199999809265137,300.0,90.0,0.11073846369981766,0.015640748664736748,2.0,0.9983510971069336,0.9983510971069336,0.9983510971069336,0.021347936242818832,0.00013554217002820224,0.2703074514865875,273000.0,-0.004141376353800297,0.004829986020922661,0.13780203461647034,0.3012240529060364,0.01526176929473877,90.71247863769531,0.5189365744590759,0.2786785364151001,0.9495354294776917,301.1463317871094,1.8865675926208496,0.2622215747833252,2.1488118171691895,1396.12060546875,0.0
264.1462097167969,11.039999961853027,300.0,91.0,0.10381446778774261,0.045978132635354996,3.0,1.0018304586410522,1.0018304586410522,1.0018304586410522,0.04420051723718643,0.0001337349385721609,0.2684430181980133,276000.0,-0.017645694315433502,-0.013504317961633205,0.033224917948246,0.2937990128993988,-0.007425040006637573,91.6407470703125,0.3325060307979584,-0.18643054366111755,0.4276141822338104,303.4258728027344,1.8852427005767822,0.3881235122680664,2.27339243888855,1319.6138916015625,0.0
264.759765625,11.170000076293945,300.0,92.0,0.08836988359689713,0.012114463374018669,7.0,0.9994410276412964,0.9994410276412964,0.9994410276412964,0.0207987017929554,0.00013192770711611956,0.2643328905105591,279000.0,-0.004410553257912397,0.013235141057521105,0.1093042716383934,0.2857435941696167,-0.008055418729782104,92.2973403930664,0.24094226956367493,-0.09156376123428345,0.636941134929657,306.2867736816406,1.8800268173217773,0.9745941162109375,2.8546431064605713,1050.9195556640625,0.0
264.53289794921875,12.0,300.0,93.0,0.0695655569434166,0.013019333593547344,6.0,1.0030995607376099,1.0030995607376099,1.0030995607376099,0.016991492360830307,0.00013012047566007823,0.25940659642219543,282000.0,-0.004346450790762901,6.410246714949608e-05,0.07557787001132965,0.28289303183555603,-0.002850562334060669,91.53825378417969,0.30930793285369873,0.0683656632900238,0.8152406215667725,308.99383544921875,1.907726526260376,0.7932343482971191,2.700981855392456,1110.7073974609375,0.0
264.4782409667969,12.460000038146973,300.0,94.0,0.05843570828437805,0.029075805097818375,2.0,0.9979092478752136,0.9979092478752136,0.9979092478752136,0.03232116624712944,0.00012831325875595212,0.2565332055091858,285000.0,-0.0023223361931741238,0.0020241145975887775,-0.025483939796686172,0.2855953276157379,0.0027022957801818848,91.7022933959961,0.6482917666435242,0.33898383378982544,0.6321386694908142,311.1551208496094,1.8944721221923828,0.2607383728027344,2.1552317142486572,1391.9619140625,0.0
264.6121826171875,12.329999923706055,300.0,95.0,0.05222730338573456,0.02599986270070076,2.0,1.0039347410202026,1.0039347410202026,1.0039347410202026,0.029437346383929253,0.00012650602729991078,0.2549450099468231,288000.0,-0.0008391496958211064,0.0014831864973530173,0.13213278353214264,0.28586217761039734,0.00026684999465942383,91.77226257324219,0.326068639755249,-0.32222312688827515,0.8424445986747742,313.34564208984375,1.9225990772247314,0.26193833351135254,2.1845667362213135,1373.270263671875,0.0
264.3418273925781,12.920000076293945,300.0,96.0,0.04814445599913597,0.04547598212957382,1.0,1.0005512237548828,1.0005512237548828,1.0005512237548828,0.016748592257499695,0.00012469879584386945,0.25390613079071045,291000.0,-0.0021990628447383642,-0.0013599131489172578,0.05015266686677933,0.288221538066864,0.002359360456466675,91.75276947021484,0.2994232475757599,-0.026645392179489136,1.0906729698181152,315.3623962402344,1.8792376518249512,0.13184690475463867,2.01110577583313,1491.716796875,0.0
264.7060852050781,13.130000114440918,300.0,97.0,0.03953491523861885,0.008913589641451836,6.0,1.0006966590881348,1.0006966590881348,1.0006966590881348,0.02230307273566723,0.0001228915643878281,0.2517313063144684,294000.0,-0.008199435658752918,-0.006000372814014554,0.19126048684120178,0.2789827287197113,-0.00923880934715271,93.22980499267578,0.2286415696144104,-0.07078167796134949,0.46704739332199097,318.0381164550781,1.8892204761505127,0.7810742855072021,2.670321464538574,1123.4603271484375,0.0
265.49493408203125,12.010000228881836,300.0,98.0,0.019820833578705788,0.008037827908992767,10.0,0.9982773661613464,0.9982773661613464,0.9982773661613464,0.015878887847065926,0.00012108434020774439,0.24682211875915527,297000.0,-0.0024835008662194014,0.005715934792533517,0.02465932071208954,0.26970142126083374,-0.009281307458877563,92.75074005126953,0.4501175284385681,0.22147595882415771,0.299477219581604,321.21630859375,1.8803925514221191,1.2913062572479248,3.1717264652252197,945.8572387695312,0.0
265.7037048339844,12.359999656677246,300.0,99.0,-0.0077368272468447685,0.0052970461547374725,10.0,0.9996927976608276,0.9996927976608276,0.9996927976608276,0.011638374999165535,0.00011927710875170305,0.24011482298374176,300000.0,-0.003975228406488895,-0.001491727540269494,-0.20930905640125275,0.270801305770874,0.0010998845100402832,92.99363708496094,0.23886871337890625,-0.21124881505966187,0.5590761303901672,324.4736328125,1.879927396774292,1.3711471557617188,3.2510952949523926,922.7660522460938,0.0
266.811767578125,11.029999732971191,300.0,100.0,-0.03301684185862541,0.010473033413290977,10.0,1.0021361112594604,1.0021361112594604,1.0021361112594604,0.017893394455313683,0.00011746987729566172,0.23411791026592255,303000.0,-0.012164625339210033,-0.008189396932721138,-0.055800314992666245,0.26938387751579285,-0.0014174282550811768,93.28353881835938,0.22612455487251282,-0.012744158506393433,0.23595985770225525,327.6570739746094,1.8801648616790771,1.296670913696289,3.1768574714660645,944.32958984375,0.0
267.5156555175781,10.720000267028809,300.0,101.0,-0.049328841269016266,0.00836869515478611,5.0,0.999131441116333,0.999131441116333,0.999131441116333,0.015237302519381046,0.000115662653115578,0.23032566905021667,306000.0,-0.007103438023477793,0.005061187315732241,-0.16255374252796173,0.2696830630302429,0.00029918551445007324,93.58373260498047,0.21560756862163544,-0.01051698625087738,0.2512667179107666,330.2377014160156,1.9089689254760742,0.6653680801391602,2.5743634700775146,1165.336669921875,0.0
266.9727478027344,11.40999984741211,300.0,102.0,-0.06119364872574806,0.009798782877624035,10.0,0.9975257515907288,0.9975257515907288,0.9975257515907288,0.015303422696888447,0.00011385542165953666,0.22761021554470062,309000.0,-0.01005993690341711,-0.0029564988799393177,-0.04521675035357475,0.26572173833847046,-0.003961324691772461,93.16873168945312,0.2623124420642853,0.04670487344264984,0.8893523812294006,333.4169616699219,1.8796322345733643,1.2942299842834473,3.1738831996917725,945.2144165039062,0.0
267.95159912109375,10.9399995803833,300.0,103.0,-0.06919772177934647,0.05260048806667328,2.0,1.0033149719238281,1.0033149719238281,1.0033149719238281,0.029231632128357887,0.00011204819020349532,0.22579433023929596,312000.0,-0.005355133209377527,0.004704803694039583,-0.13740882277488708,0.2752232253551483,0.009501487016677856,93.6934585571289,0.2876185178756714,0.02530607581138611,0.3591550290584564,335.56085205078125,1.8750841617584229,0.2629671096801758,2.1380789279937744,1403.1290283203125,0.0
267.8371887207031,12.079999923706055,300.0,104.0,-0.0828891173005104,0.010747415944933891,9.0,0.9991530179977417,0.9991530179977417,0.9991530179977417,0.019606802612543106,0.0001102409660234116,0.2227286994457245,315000.0,-0.01492963545024395,-0.009574502240866423,0.1297065168619156,0.26350146532058716,-0.011721760034561157,93.16492462158203,0.2701018750667572,-0.017516642808914185,1.1986137628555298,338.6871032714844,1.8805606365203857,1.2399961948394775,3.1205785274505615,961.3602905273438,0.0
268.4757080078125,12.0600004196167,300.0,105.0,-0.09789485484361649,0.011776586063206196,3.0,1.0028607845306396,1.0028607845306396,1.0028607845306396,0.01688680611550808,0.00010843373456737027,0.2194068282842636,318000.0,-0.005928410217165947,0.009001225233078003,-0.06385055929422379,0.25841301679611206,-0.005088448524475098,93.62060546875,0.254580020904541,-0.015521854162216187,0.8448702096939087,340.9772033691406,1.8946995735168457,0.389315128326416,2.284036636352539,1313.4642333984375,0.0
268.83660888671875,12.109999656677246,300.0,106.0,-0.1096755862236023,0.010085567831993103,7.0,0.9951446652412415,0.9951446652412415,0.9951446652412415,0.014663157053291798,0.00010662650311132893,0.21683847904205322,321000.0,-0.010245510376989841,-0.0043171001598238945,0.08292938768863678,0.2594766616821289,0.0010636448860168457,93.40576934814453,0.329124391078949,0.07454437017440796,0.9341798424720764,343.7651672363281,1.875065565109253,0.9072701930999756,2.7823572158813477,1078.22265625,0.0
268.9098815917969,12.539999961853027,300.0,107.0,-0.12130491435527802,0.010086627677083015,5.0,1.0015971660614014,1.0015971660614014,1.0015971660614014,0.019149113446474075,0.00010481927893124521,0.21433359384536743,324000.0,-0.003357532201334834,0.006887978175655007,0.029950585216283798,0.2622239589691162,0.0027472972869873047,94.14043426513672,0.22690726816654205,-0.10221712291240692,0.8935152888298035,346.30621337890625,1.8885836601257324,0.6468338966369629,2.5354392528533936,1183.2271728515625,0.0
268.8433837890625,13.619999885559082,300.0,108.0,-0.12935753166675568,0.02280234917998314,2.0,1.002897024154663,1.002897024154663,1.002897024154663,0.01977347396314144,0.00010301204747520387,0.21261540055274963,327000.0,-0.0005483459099195898,0.0028091862914152443,0.2878662943840027,0.26065289974212646,-0.001571059226989746,94.04202270507812,0.26578739285469055,0.0388801246881485,1.1098297834396362,348.5126037597656,1.928823709487915,0.27129364013671875,2.200143337249756,1363.5478515625,0.0
268.9359130859375,13.449999809265137,300.0,109.0,-0.13408347964286804,0.014043493196368217,2.0,0.9986054301261902,0.9986054301261902,0.9986054301261902,0.01853356510400772,0.00010120481601916254,0.2116132229566574,330000.0,-0.006064488086849451,-0.005516142176929861,-0.3046534061431885,0.2668095529079437,0.006156653165817261,94.22528839111328,0.6428091526031494,0.37702175974845886,0.3788178265094757,350.6728515625,1.893739938735962,0.26041388511657715,2.1541810035705566,1392.6407470703125,0.0
268.4129638671875,14.8100004196167,300.0,110.0,-0.1384936422109604,0.03433628007769585,2.0,1.0032718181610107,1.0032718181610107,1.0032718181610107,0.035008691251277924,9.939759183907881e-05,0.21068298816680908,333000.0,-0.020665880292654037,-0.014601392205804586,-0.17383460700511932,0.27492567896842957,0.00811612606048584,93.87496948242188,0.3115435540676117,-0.3312655985355377,1.0649923086166382,352.8579406738281,1.9163968563079834,0.2630274295806885,2.179450750350952,1376.4937744140625,0.0
268.00421142578125,15.270000457763672,300.0,111.0,-0.1460336297750473,0.012919915840029716,5.0,1.003298282623291,1.003298282623291,1.003298282623291,0.01820913329720497,9.759036038303748e-05,0.20910295844078064,336000.0,-0.004679238889366388,0.01598664140328765,0.24210071563720703,0.26008713245391846,-0.014838546514511108,94.51561737060547,0.23818370699882507,-0.07335984706878662,0.44221383333206177,355.4178161621094,1.9055497646331787,0.6486072540283203,2.554184675216675,1174.543212890625,0.0
268.2646179199219,14.9399995803833,300.0,112.0,-0.15613263845443726,0.010185482911765575,7.0,1.0000988245010376,1.0000988245010376,1.0000988245010376,0.021754669025540352,9.578312892699614e-05,0.20700055360794067,339000.0,-0.008112364448606968,-0.0034331255592405796,0.09248299896717072,0.25684255361557007,-0.0032445788383483887,94.40745544433594,0.7951558232307434,0.5569721162319183,0.7061591148376465,358.2865295410156,1.8826639652252197,0.9805943965911865,2.8632853031158447,1047.7476806640625,0.0
268.6256103515625,14.489999771118164,300.0,113.0,-0.16216762363910675,0.011564185842871666,4.0,0.9996698498725891,0.9996698498725891,0.9996698498725891,0.019352108240127563,9.397590474691242e-05,0.20575034618377686,342000.0,-0.011390085332095623,-0.003277720883488655,-0.14423902332782745,0.25883519649505615,0.001992642879486084,95.21247100830078,0.26025500893592834,-0.5349008142948151,0.18330231308937073,360.69439697265625,1.8814947605133057,0.5202960968017578,2.4018192291259766,1249.053466796875,0.0
269.8426208496094,12.720000267028809,300.0,114.0,-0.16858795285224915,0.009816090576350689,5.0,1.0021001100540161,1.0021001100540161,1.0021001100540161,0.019433237612247467,9.216867329087108e-05,0.20443417131900787,345000.0,-0.007112734019756317,0.004277351312339306,-0.08753354102373123,0.2573551833629608,-0.001480013132095337,95.05187225341797,0.24287495017051697,-0.017380058765411377,0.3136920630931854,363.2508850097656,1.891120433807373,0.6589493751525879,2.55009126663208,1176.4287109375,0.0
270.13775634765625,12.369999885559082,300.0,115.0,-0.17921946942806244,0.011784755624830723,6.0,0.9967307448387146,0.9967307448387146,0.9967307448387146,0.017393313348293304,9.036144911078736e-05,0.2022733837366104,348000.0,-0.011609354987740517,-0.0044966209679841995,-0.053052570670843124,0.2633424997329712,0.005987316370010376,94.98713684082031,0.33533793687820435,0.09246298670768738,0.3832184374332428,365.9130554199219,1.8818602561950684,0.7738642692565918,2.6557466983795166,1129.6259765625,0.0
270.0614318847656,13.149999618530273,300.0,116.0,-0.18944239616394043,0.010239288210868835,8.0,0.9986532330513,0.9986532330513,0.9986532330513,0.022215649485588074,8.855421765474603e-05,0.20021668076515198,351000.0,-0.02796247974038124,-0.016353124752640724,-0.041845712810754776,0.2581952214241028,-0.005147278308868408,94.22112274169922,0.3953929543495178,0.06005501747131348,1.6571582555770874,368.847412109375,1.887549638748169,1.0404338836669922,2.928006172180176,1024.588134765625,0.0
270.02374267578125,13.100000381469727,300.0,117.0,-0.20384573936462402,0.008836612105369568,9.0,0.9979687929153442,0.9979687929153442,0.9979687929153442,0.01223407220095396,8.674698619870469e-05,0.19735261797904968,354000.0,-0.007686708588153124,0.020275771152228117,0.1024906188249588,0.25284093618392944,-0.00535428524017334,94.85415649414062,0.2529739737510681,-0.1424189805984497,0.8599223494529724,371.9667663574219,1.8754336833953857,1.2378225326538086,3.113276958465576,963.6149291992188,0.0
269.0845031738281,13.579999923706055,300.0,118.0,-0.21068798005580902,0.07265200465917587,1.0,0.9910581707954407,0.9910581707954407,0.9910581707954407,0.025343406945466995,8.493976201862097e-05,0.19600507616996765,357000.0,-0.02119029313325882,-0.013503584545105696,-0.2384747713804245,1.6883301734924316,1.4354892373085022,93.92130279541016,4.172978401184082,3.920004427433014,0.5410958528518677,373.99261474609375,1.8870713710784912,0.13223648071289062,2.019331455230713,1485.640380859375,0.0
269.44158935546875,13.489999771118164,300.0,119.0,-0.21199116110801697,0.02416805922985077,3.0,1.000061273574829,1.000061273574829,1.000061273574829,0.058379191905260086,8.313253056257963e-05,0.1957501620054245,360000.0,-0.009308833628892899,0.011881459504365921,0.12154529243707657,0.28292497992515564,-1.405405193567276,95.20092010498047,0.2642326056957245,-3.9087457954883575,0.3302247226238251,376.2690124511719,1.8812692165374756,0.38918066024780273,2.2704713344573975,1321.3116455078125,0.0
269.85321044921875,12.779999732971191,300.0,120.0,-0.21624474227428436,0.013919990509748459,4.0,0.9994033575057983,0.9994033575057983,0.9994033575057983,0.01893479935824871,8.13252991065383e-05,0.19491973519325256,363000.0,-0.003033234504982829,0.0062755991239100695,-0.0011778835905715823,0.29219815135002136,0.009273171424865723,94.9268569946289,0.2964887022972107,0.032256096601486206,0.38741356134414673,378.6911926269531,1.8947479724884033,0.52140212059021,2.4161715507507324,1241.6337890625,0.0
269.14398193359375,13.699999809265137,300.0,121.0,-0.22294436395168304,0.007340758107602596,10.0,0.9981670379638672,0.9981670379638672,0.9981670379638672,0.01693667285144329,7.951807492645457e-05,0.1936172991991043,366000.0,-0.0064374222420156,-0.003404187737032771,-0.13918666541576385,0.2619069814682007,-0.03029116988182068,94.0631332397461,0.3423433005809784,0.0458545982837677,0.7980930805206299,381.868408203125,1.880049228668213,1.2914400100708008,3.171511650085449,945.9212646484375,0.0
266.7960205078125,13.239999771118164,297.3500061035156,122.0,-0.2259632647037506,0.013859645463526249,4.0,0.9995037913322449,0.9995037913322449,0.9995037913322449,0.015947893261909485,7.771084347041324e-05,0.19303230941295624,369000.0,-0.003355232300236821,0.003082189941778779,-0.11935219913721085,1.3336025476455688,1.0716955661773682,94.22989654541016,0.27868226170539856,-0.06366103887557983,0.6171445846557617,384.27508544921875,1.8807287216186523,0.5202281475067139,2.400977373123169,1249.4913330078125,0.0
266.1991271972656,13.960000038146973,297.3500061035156,123.0,-0.22721995413303375,0.012992152012884617,3.0,0.99691241979599,0.99691241979599,0.99691241979599,0.014818141236901283,7.59036120143719e-05,0.19278962910175323,372000.0,-0.010069185867905617,-0.006713953567668796,-0.041704416275024414,0.2792108654975891,-1.0543916821479797,94.71778869628906,0.31039050221443176,0.0317082405090332,0.553453266620636,386.5708312988281,1.8946032524108887,0.3949246406555176,2.289555072784424,1310.2984619140625,0.0
266.2872619628906,13.9399995803833,297.3500061035156,124.0,-0.22942255437374115,0.06371383368968964,2.0,1.0113013982772827,1.0113013982772827,1.0113013982772827,0.03969714790582657,7.409638783428818e-05,0.19236503541469574,375000.0,-0.024870961904525757,-0.01480177603662014,-0.03947332501411438,0.33344271779060364,0.054231852293014526,95.53646087646484,0.21594233810901642,-0.09444816410541534,0.1576051414012909,388.7622985839844,1.881624698638916,0.3036775588989258,2.1853301525115967,1372.7904052734375,0.0
263.47442626953125,13.989999771118164,294.6700134277344,125.0,-0.23039066791534424,0.012909621931612492,3.0,0.9972463846206665,0.9972463846206665,0.9972463846206665,0.018576107919216156,7.228915637824684e-05,0.19217878580093384,378000.0,-0.00903505552560091,0.015835906378924847,-0.23026879131793976,1.2886593341827393,0.9552166163921356,94.34188842773438,0.2807616889476776,0.0648193508386612,0.5457236170768738,391.0499572753906,1.8904404640197754,0.3912320137023926,2.2816994190216064,1314.8096923828125,0.0
263.43536376953125,13.609999656677246,294.6700134277344,126.0,-0.23010456562042236,0.06458131223917007,2.0,1.00420081615448,1.00420081615448,1.00420081615448,0.031775835901498795,7.048192492220551e-05,0.19223380088806152,381000.0,-0.006425491068512201,0.002609564457088709,-0.06689649075269699,0.35581544041633606,-0.9328438937664032,94.41625213623047,0.21965375542640686,-0.06110793352127075,1.0749105215072632,393.2926330566406,1.904975414276123,0.33200812339782715,2.237010955810547,1341.0755615234375,0.0
260.8450927734375,13.510000228881836,291.92999267578125,127.0,-0.23004306852817535,0.017709694802761078,3.0,0.9979408383369446,0.9979408383369446,0.9979408383369446,0.016969837248325348,6.867470074212179e-05,0.1922457069158554,384000.0,-0.02328605391085148,-0.016860562842339277,0.00132686214055866,1.1963834762573242,0.8405680358409882,94.44634246826172,0.279158353805542,0.05950459837913513,0.5566852688789368,395.5657653808594,1.8779044151306152,0.38930416107177734,2.2672345638275146,1323.1981201171875,0.0
262.28033447265625,11.90999984741211,291.92999267578125,128.0,-0.23333626985549927,0.006975976284593344,10.0,1.00113844871521,1.00113844871521,1.00113844871521,0.01684289425611496,6.686746928608045e-05,0.19161398708820343,387000.0,-0.01299447100609541,0.01029158290475607,-0.061973936855793,0.40288352966308594,-0.7934999465942383,95.00381469726562,0.2710750102996826,-0.008083343505859375,0.26085543632507324,398.74200439453125,1.8817601203918457,1.2889599800109863,3.170741558074951,946.1510009765625,0.0
261.6972961425781,12.1899995803833,291.92999267578125,129.0,-0.23825611174106598,0.017360888421535492,3.0,0.9967007637023926,0.9967007637023926,0.9967007637023926,0.015195335261523724,6.506023783003911e-05,0.19067321717739105,390000.0,-0.006257849279791117,0.006736621726304293,0.16084136068820953,0.3205257058143616,-0.08235782384872437,94.91085052490234,0.528118371963501,0.25704336166381836,0.29992255568504333,401.0392761230469,1.9001240730285645,0.39104366302490234,2.291189670562744,1309.36376953125,0.0
261.29522705078125,12.600000381469727,291.92999267578125,130.0,-0.23923201858997345,0.029707059264183044,2.0,0.997046947479248,0.997046947479248,0.997046947479248,0.022193290293216705,6.325301364995539e-05,0.19048723578453064,393000.0,-0.006216177251189947,4.1672028601169586e-05,-0.0007986788405105472,0.2987613379955292,-0.021764367818832397,94.90233612060547,0.295524001121521,-0.23259437084197998,0.9816805124282837,403.1832275390625,1.8768556118011475,0.26129817962646484,2.1381752490997314,1403.065673828125,0.0
262.1527404785156,12.09000015258789,291.92999267578125,131.0,-0.24037747085094452,0.01256441231817007,2.0,1.0037071704864502,1.0037071704864502,1.0037071704864502,0.01864064671099186,6.144578219391406e-05,0.19026920199394226,396000.0,-0.015287802554666996,-0.009071625303477049,-0.0460314080119133,0.2881915867328644,-0.010569751262664795,95.17889404296875,0.23476168513298035,-0.06076231598854065,0.5816541910171509,405.3645324707031,1.9119775295257568,0.26320314407348633,2.175208806991577,1379.1781005859375,0.0
264.9770812988281,12.010000228881836,294.5799865722656,132.0,-0.24201884865760803,0.01058226078748703,3.0,0.9990836977958679,0.9990836977958679,0.9990836977958679,0.017840636894106865,5.963855437585153e-05,0.18995732069015503,399000.0,-0.010363580659031868,0.004924221895635128,-0.11423003673553467,0.267007440328598,-0.021184146404266357,95.44778442382812,0.2126065492630005,-0.02215513586997986,0.317914217710495,407.6648254394531,1.904087781906128,0.3905775547027588,2.2946879863739014,1307.367431640625,0.0
265.2694091796875,11.84000015258789,294.5799865722656,133.0,-0.24638958275318146,0.012487624771893024,7.0,1.0036574602127075,1.0036574602127075,1.0036574602127075,0.01906336285173893,5.7831326557789e-05,0.18912893533706665,402000.0,-0.010046497918665409,0.0003170827403664589,-0.12711945176124573,0.26705366373062134,4.622340202331543e-05,95.610595703125,0.20824262499809265,-0.004363924264907837,0.3743341565132141,410.48406982421875,1.8994991779327393,0.913440465927124,2.812967538833618,1066.489501953125,0.0
264.8462219238281,12.84000015258789,294.5799865722656,134.0,-0.25273597240448,0.0042128367349505424,10.0,1.002246379852295,1.002246379852295,1.002246379852295,0.02777140960097313,5.602409510174766e-05,0.1879325956106186,405000.0,-0.030917976051568985,-0.020871478132903576,0.11235718429088593,0.2620546519756317,-0.004999011754989624,95.34834289550781,0.20638321340084076,-0.001859411597251892,0.6576632261276245,413.7313537597656,1.8782386779785156,1.363210678100586,3.241469621658325,925.5062255859375,0.0
267.6667175292969,12.649999618530273,297.260009765625,135.0,-0.2571985423564911,0.01789802312850952,4.0,1.000002384185791,1.000002384185791,1.000002384185791,0.017838194966316223,5.421686728368513e-05,0.18709592521190643,408000.0,-0.0032521234825253487,0.027665852569043636,0.26272764801979065,0.26349133253097534,0.001436680555343628,95.47384643554688,0.2120121866464615,0.0056289732456207275,0.3385144770145416,416.1375732421875,1.8810913562774658,0.5185823440551758,2.3997015953063965,1250.1556396484375,0.0
268.548583984375,11.699999809265137,297.260009765625,136.0,-0.25899872183799744,0.028538500890135765,2.0,1.0003557205200195,1.0003557205200195,1.0003557205200195,0.025189785286784172,5.2409639465622604e-05,0.18675971031188965,411000.0,-0.007341856602579355,-0.004089733120054007,0.14950893819332123,0.27248236536979675,0.008991032838821411,95.4468994140625,0.21436168253421783,0.0023494958877563477,0.6478045582771301,418.29541015625,1.882775068283081,0.26881861686706543,2.151615858078003,1394.30126953125,0.0
270.9681396484375,11.720000267028809,300.0,137.0,-0.26310354471206665,0.010413723066449165,10.0,0.9965922236442566,0.9965922236442566,0.9965922236442566,0.01788683421909809,5.060240800958127e-05,0.1859956830739975,414000.0,-0.00985579565167427,-0.0025139390490949154,0.22125153243541718,0.2579476833343506,-0.014534682035446167,94.98584747314453,0.42522478103637695,0.21086309850215912,0.493283212184906,421.4887390136719,1.8945298194885254,1.2926599979400635,3.1872105598449707,941.2620239257812,0.0
270.43994140625,12.239999771118164,300.0,138.0,-0.2674127221107483,0.01386609673500061,4.0,1.002921223640442,1.002921223640442,1.002921223640442,0.023600352928042412,4.879518019151874e-05,0.18519625067710876,417000.0,-0.021531198173761368,-0.011675402522087097,-0.07536321133375168,0.27941077947616577,0.021463096141815186,94.76929473876953,0.21354462206363678,-0.21168015897274017,0.6440954804420471,423.8966064453125,1.881697654724121,0.5199522972106934,2.4016735553741455,1249.1292724609375,0.0
270.5084228515625,12.720000267028809,300.0,139.0,-0.2707940340042114,0.008235687389969826,8.0,0.9990673661231995,0.9990673661231995,0.9990673661231995,0.024761375039815903,4.698795237345621e-05,0.1845712810754776,420000.0,-0.0182954054325819,0.0032357927411794662,0.16738703846931458,0.26029345393180847,-0.0191173255443573,95.07801055908203,0.22442519664764404,0.010880574584007263,0.6411197781562805,426.89422607421875,1.8932552337646484,1.0987915992736816,2.99206805229187,1002.6510620117188,0.0
271.09075927734375,12.140000343322754,300.0,140.0,-0.275307297706604,0.009420285001397133,5.0,1.003912329673767,1.003912329673767,1.003912329673767,0.02410123124718666,4.518072455539368e-05,0.18374048173427582,423000.0,-0.008558417670428753,0.009736987762153149,0.12720276415348053,0.25917184352874756,-0.001121610403060913,95.39885711669922,0.2016974538564682,-0.022727742791175842,0.42241838574409485,429.4359436035156,1.8866939544677734,0.6488771438598633,2.5355944633483887,1183.1546630859375,0.0
270.9615478515625,12.0600004196167,300.0,141.0,-0.2813485860824585,0.0033431320916861296,10.0,0.9998037219047546,0.9998037219047546,0.9998037219047546,0.009670181199908257,4.3373493099352345e-05,0.18263502418994904,426000.0,-0.0034682455006986856,0.005090172169730067,-0.07660125941038132,0.2537377178668976,-0.005434125661849976,95.24259185791016,0.19455480575561523,-0.007142648100852966,0.5965387225151062,432.6124267578125,1.8782505989074707,1.2918331623077393,3.1701102256774902,946.3394775390625,0.0
271.5884094238281,11.470000267028809,300.0,142.0,-0.2906072735786438,0.001188894733786583,10.0,0.9999322891235352,0.9999322891235352,0.9999322891235352,0.006329338997602463,4.1566265281289816e-05,0.1809534877538681,429000.0,-0.0018307419959455729,0.0016375035047531128,-0.07583129405975342,0.2530539631843567,-0.0006837546825408936,96.21751403808594,0.20872515439987183,0.014170348644256592,0.010514222085475922,435.8024597167969,1.8888702392578125,1.294844388961792,3.1837410926818848,942.287841796875,0.0
271.3896179199219,11.75,300.0,143.0,-0.29694998264312744,0.009273852221667767,6.0,0.9989122748374939,0.9989122748374939,0.9989122748374939,0.017837846651673317,3.975903746322729e-05,0.17981010675430298,432000.0,-0.011115984991192818,-0.009285242995247245,0.05556642264127731,0.25254586338996887,-0.0005080997943878174,95.37969970703125,0.19928161799907684,-0.009443536400794983,0.5571221113204956,438.4637451171875,1.8777554035186768,0.7771632671356201,2.6549434661865234,1129.9677734375,0.0
271.44268798828125,10.619999885559082,300.0,144.0,-0.30222785472869873,0.007110655307769775,10.0,1.001121163368225,1.001121163368225,1.001121163368225,0.014923498034477234,3.795180600718595e-05,0.1788662225008011,435000.0,-0.004115066025406122,0.0070009189657866955,0.019972311332821846,0.25064054131507874,-0.0019053220748901367,95.3998031616211,0.18878905475139618,-0.010492563247680664,0.227432981133461,441.7294616699219,1.8963372707366943,1.3628900051116943,3.2592556476593018,920.4556274414062,0.0
271.1884765625,10.960000038146973,300.0,145.0,-0.3080851137638092,0.0013809577794745564,10.0,0.9992204904556274,0.9992204904556274,0.9992204904556274,0.0059919049963355064,3.614457818912342e-05,0.17782266438007355,438000.0,-0.004887385293841362,-0.0007723192684352398,-0.004639497958123684,0.2563040852546692,0.005663543939590454,95.28507995605469,0.17877180874347687,-0.010017246007919312,0.6064327955245972,444.95281982421875,1.9007477760314941,1.316291332244873,3.2170610427856445,932.5281982421875,0.0
270.3822021484375,11.470000267028809,300.0,146.0,-0.3127209544181824,0.010219337418675423,7.0,1.00290048122406,1.00290048122406,1.00290048122406,0.024891965091228485,3.433735037106089e-05,0.17699958384037018,441000.0,-0.01738506369292736,-0.012497678399085999,0.008676205761730671,0.2521918714046478,-0.004112213850021362,94.70095825195312,0.1857648342847824,0.006993025541305542,0.8642468452453613,447.76531982421875,1.8713722229003906,0.9349424839019775,2.8063385486602783,1069.0086669921875,0.0
271.4935302734375,10.579999923706055,300.0,147.0,-0.31909918785095215,0.0027829071041196585,10.0,0.9994415640830994,0.9994415640830994,0.9994415640830994,0.007724833209067583,3.253011891501956e-05,0.17587529122829437,444000.0,-0.004717317409813404,0.012667746283113956,0.09600155800580978,0.2483433485031128,-0.003848522901535034,96.12214660644531,0.1643427312374115,-0.02142210304737091,0.18506717681884766,450.9979248046875,1.8752415180206299,1.3512599468231201,3.226522922515869,929.7936401367188,0.0
271.68487548828125,10.649999618530273,300.0,148.0,-0.3254799246788025,0.010341020300984383,9.0,0.9974110126495361,0.9974110126495361,0.9974110126495361,0.01628880389034748,3.072289109695703e-05,0.17475691437721252,447000.0,-0.013883613981306553,-0.009166296571493149,-0.10208474099636078,0.25076231360435486,0.0024189651012420654,95.29145050048828,0.19552089273929596,0.03117816150188446,0.6009448766708374,454.03277587890625,1.8706748485565186,1.158235788345337,3.0289385318756104,990.4461669921875,0.0
272.2552795410156,9.979999542236328,300.0,149.0,-0.33079081773757935,0.004220739006996155,10.0,1.0014972686767578,1.0014972686767578,1.0014972686767578,0.015403230674564838,2.89156632788945e-05,0.17383049428462982,450000.0,-0.012368420138955116,0.0015151938423514366,0.1025257259607315,0.2452881783246994,-0.0054741352796554565,95.83889770507812,0.18726281821727753,-0.008258074522018433,0.31347671151161194,457.1954040527344,1.874154806137085,1.2828092575073242,3.1570041179656982,950.2681884765625,0.0
271.9320983886719,10.670000076293945,300.0,150.0,-0.33426085114479065,0.016418691724538803,3.0,1.001295566558838,1.001295566558838,1.001295566558838,0.020634349435567856,2.7108433641842566e-05,0.17322739958763123,453000.0,-0.0034677728544920683,0.008900647284463048,-0.11367891728878021,0.24797111749649048,0.0026829391717910767,95.41385650634766,0.19541174173355103,0.008148923516273499,0.9455049633979797,459.4589538574219,1.870699405670166,0.38678503036499023,2.25750732421875,1328.8995361328125,0.0
272.18585205078125,10.100000381469727,300.0,151.0,-0.33606815338134766,0.010513308458030224,5.0,1.0027587413787842,1.0027587413787842,1.0027587413787842,0.026145730167627335,2.5301204004790634e-05,0.17291516065597534,456000.0,-0.010215818881988525,-0.006748046027496457,-0.08587588369846344,0.24805966019630432,8.854269981384277e-05,95.54405975341797,0.16340945661067963,-0.0320022851228714,0.39617854356765747,461.9970703125,1.8851571083068848,0.6470320224761963,2.5322117805480957,1184.735107421875,0.0
271.1050109863281,11.390000343322754,300.0,152.0,-0.33968791365623474,0.008335841819643974,9.0,1.001285433769226,1.001285433769226,1.001285433769226,0.017803853377699852,2.3493976186728105e-05,0.1722913533449173,459000.0,-0.004956262186169624,0.005259556695818901,-0.11069369316101074,0.24497292935848236,-0.0030867308378219604,95.24239349365234,0.17858566343784332,0.015176206827163696,0.7044809460639954,465.1060791015625,1.8725647926330566,1.2307155132293701,3.1033084392547607,966.7103271484375,0.0
271.76055908203125,10.600000381469727,300.0,153.0,-0.34388309717178345,0.002054469659924507,10.0,0.999755322933197,0.999755322933197,0.999755322933197,0.008008424192667007,2.1686746549676172e-05,0.17156954109668732,462000.0,-0.00681319460272789,-0.0018569324165582657,0.05606464296579361,0.24298988282680511,-0.001983046531677246,96.16146850585938,0.15953674912452698,-0.019048914313316345,0.2721395194530487,468.2840270996094,1.879326581954956,1.2896754741668701,3.16902494430542,946.6636352539062,0.0
271.7842102050781,10.890000343322754,300.0,154.0,-0.3479592800140381,0.008493531495332718,10.0,1.000784158706665,1.000784158706665,1.000784158706665,0.017425427213311195,1.9879518731613643e-05,0.17087042331695557,465000.0,-0.007435358129441738,-0.0006221635267138481,-0.12996064126491547,0.2431199848651886,0.0001301020383834839,95.6280517578125,0.16755494475364685,0.008018195629119873,0.2363777607679367,471.45269775390625,1.883033275604248,1.2791235446929932,3.1621835231781006,948.7116088867188,0.0
271.9019470214844,10.779999732971191,300.0,155.0,-0.3512108027935028,0.008467843756079674,10.0,1.0005096197128296,1.0005096197128296,1.0005096197128296,0.018653657287359238,1.807228909456171e-05,0.17031638324260712,468000.0,-0.00911999586969614,-0.0016846377402544022,-0.037262700498104095,0.2456096112728119,0.002489626407623291,95.62676239013672,0.1650475710630417,-0.0025073736906051636,0.536352276802063,474.62615966796875,1.8783159255981445,1.2893321514129639,3.167670726776123,947.0681762695312,0.0
272.489501953125,10.430000305175781,300.0,156.0,-0.35374143719673157,0.0016559151699766517,10.0,1.0002102851867676,1.0002102851867676,1.0002102851867676,0.006320922635495663,1.626505945750978e-05,0.16988642513751984,471000.0,-0.0045669227838516235,0.004553073085844517,-0.0805579274892807,0.24256053566932678,-0.0030490756034851074,95.51510620117188,0.155832901597023,-0.009214669466018677,0.6309036612510681,477.8507385253906,1.8667640686035156,1.3518784046173096,3.218667507171631,932.0628051757812,0.0
271.4776306152344,11.279999732971191,300.0,157.0,-0.3562605381011963,0.004230912774801254,10.0,0.9993031620979309,0.9993031620979309,0.9993031620979309,0.01258073654025793,1.445783163944725e-05,0.1694590300321579,474000.0,-0.010415233671665192,-0.005848310887813568,0.2655531167984009,0.2420845478773117,-0.0004759877920150757,95.59357452392578,0.19257359206676483,0.03674069046974182,0.4925801455974579,480.997802734375,1.863328456878662,1.2776157855987549,3.140965223312378,955.1205444335938,0.0
271.7879333496094,11.170000076293945,300.0,158.0,-0.35886284708976746,0.003998601343482733,10.0,1.0038952827453613,1.0038952827453613,1.0038952827453613,0.028603924438357353,1.2650602002395317e-05,0.16901864111423492,477000.0,-0.012356890365481377,-0.001941656693816185,0.04056932404637337,0.24286900460720062,0.000784456729888916,95.76322937011719,0.31509679555892944,0.12252320349216461,0.38212817907333374,484.1525573730469,1.869436264038086,1.278855800628662,3.148318290710449,952.8898315429688,0.0
271.127685546875,11.489999771118164,300.0,159.0,-0.36077508330345154,0.0029191861394792795,10.0,1.001996397972107,1.001996397972107,1.001996397972107,0.013888008892536163,1.0843373274838086e-05,0.1686955839395523,480000.0,-0.008759427815675735,0.003597462549805641,-0.05550861358642578,0.24091319739818573,-0.0019558072090148926,95.32908630371094,0.1752590388059616,-0.13983775675296783,0.5647924542427063,487.41754150390625,1.893679141998291,1.365140676498413,3.258840799331665,920.5728759765625,0.0
271.37060546875,10.970000267028809,300.0,160.0,-0.36304548382759094,0.0010579049121588469,10.0,0.9979463815689087,0.9979463815689087,0.9979463815689087,0.005304267164319754,9.036144547280855e-06,0.16831204295158386,483000.0,-0.005530111026018858,0.0032293167896568775,0.07179711014032364,0.24628561735153198,0.0053724199533462524,95.67132568359375,0.16139040887355804,-0.013868629932403564,0.5097193121910095,490.5723876953125,1.8678624629974365,1.2808849811553955,3.1487696170806885,952.7532348632812,0.0
271.4184875488281,11.279999732971191,300.0,161.0,-0.36576735973358154,0.001585987163707614,10.0,1.000548005104065,1.000548005104065,1.000548005104065,0.0066949171014130116,7.228915819723625e-06,0.16785405576229095,486000.0,-0.0031286589801311493,0.0024014520458877087,-0.18503724038600922,0.23907530307769775,-0.0072103142738342285,95.8335952758789,0.17422010004520416,0.012829691171646118,0.39900586009025574,493.7406311035156,1.8774428367614746,1.2848262786865234,3.1622917652130127,948.67919921875,0.0
271.82391357421875,10.460000038146973,300.0,162.0,-0.36776572465896606,0.0004196026420686394,10.0,0.9996491074562073,0.9996491074562073,0.9996491074562073,0.003097115783020854,5.421686637419043e-06,0.16751885414123535,489000.0,-0.0022602027747780085,0.0008684562053531408,0.10455005615949631,0.24050264060497284,0.0014273375272750854,95.91445922851562,0.15965676307678223,-0.014563336968421936,0.4122588336467743,496.9004821777344,1.870448112487793,1.2834270000457764,3.153899908065796,951.203369140625,0.0
271.629638671875,10.699999809265137,300.0,163.0,-0.3688744008541107,0.0004523639508988708,10.0,1.0000789165496826,1.0000789165496826,1.0000789165496826,0.003734912257641554,3.6144579098618124e-06,0.16733311116695404,492000.0,-0.0010102683445438743,0.0012499344302341342,0.0034678790252655745,0.23753084242343903,-0.0029717981815338135,95.88961791992188,0.14489272236824036,-0.01476404070854187,0.39403268694877625,500.1333312988281,1.8717803955078125,1.3547742366790771,3.226576089859009,929.7782592773438,0.0
271.62762451171875,11.029999732971191,300.0,164.0,-0.36957281827926636,0.001608395017683506,10.0,1.0007004737854004,1.0007004737854004,1.0007004737854004,0.0070802513509988785,1.8072289549309062e-06,0.16721633076667786,495000.0,-0.0027477527037262917,-0.0017374843591824174,0.08973038196563721,0.2391108274459839,0.0015799850225448608,95.82350158691406,0.14247961342334747,-0.0024131089448928833,0.5002627968788147,503.2906494140625,1.8691534996032715,1.2818739414215088,3.1510508060455322,952.0634155273438,0.0
271.12994384765625,11.6899995803833,300.0,165.0,-0.3700770139694214,0.00046836695400997996,10.0,1.0001225471496582,1.0001225471496582,1.0001225471496582,0.003529250854626298,0.0,0.16713222861289978,498000.0,-0.0014219852164387703,0.0013257674872875214,0.06661755591630936,0.24050506949424744,0.0013942420482635498,95.39926147460938,0.1474994719028473,0.005019858479499817,0.828396737575531,506.468505859375,1.8694887161254883,1.3018767833709717,3.1713876724243164,945.9581909179688,0.0
